# Davide Petillo, Valerio Stancanelli
# STFfanclub
# ML-CUP25
# 22/01/2026
1,-7.4858130571,-1.4303384843,13.4709030722,-0.4797426910
2,-24.5654151802,-16.9288240714,-47.5590323298,7.0512863027
3,-5.9867591840,1.3059757020,-10.6780669822,0.5383875433
4,-13.1444058196,17.0444715917,-38.7379753652,0.6619127846
5,8.1578864613,-24.9036382753,-26.8688320771,21.1007243136
6,3.9902997455,5.0781739682,5.4266012971,-6.3953912068
7,-6.2897992642,30.1277360185,-2.4699516288,53.8677706455
8,5.4750238353,-6.6502114780,0.0566046467,-15.7113099892
9,20.2254863234,-5.4956619266,14.6432028828,-23.7218547841
10,-0.8581805723,-5.1204805882,0.0591435826,-9.4446035998
11,-3.2845384116,18.6230773747,0.1166611407,-34.4989440379
12,-14.6543175634,-13.5180879396,31.8093558266,-4.6854166267
13,10.7758107869,-10.0026284779,25.7462275802,-1.1670870405
14,3.9174523355,-4.0570024375,6.3202195386,-4.0031456173
15,2.3716156511,-7.7890433301,-7.7275094343,7.1765685684
16,-18.0848527913,-8.0111549083,35.9840120911,-0.2228346772
17,-24.1030775632,0.4605202202,-0.9383544335,43.1902865635
18,5.5345451330,2.9193124179,9.2114443142,-2.2424852921
19,9.9142786284,12.7256790975,-26.6794266063,2.8498184835
20,-17.0040747387,9.2175980909,19.8937460762,-15.5112218029
21,-4.0066834443,27.5040202243,-16.7888225953,34.0885844921
22,-7.0765436646,2.1311500614,9.1023952344,-4.4258587555
23,14.6131744362,11.1586078095,20.6941438563,-12.9620735708
24,-16.2605101831,13.9524090530,-39.1235035345,0.0967236724
25,-0.9164918535,-23.3083926861,39.2682889374,-3.4306019137
26,11.0314023809,-30.2669059842,-25.7352020056,33.2334108010
27,14.7864713109,3.3868759655,6.5421184382,-21.2254065267
28,-4.5308048009,-0.1363246923,6.7702743262,-1.5270993389
29,-17.5305347009,13.7400056791,0.1949730359,-40.5765235565
30,-30.0642068655,2.4193323895,-52.2806756605,2.9296378289
31,-19.2522599108,-4.0809105677,35.6351591111,-0.3890472802
32,19.1268019008,24.6400719097,-15.5459188080,41.5517017044
33,-11.3798563343,-3.5005456587,-0.8357562147,20.9582924445
34,-24.5857609528,-16.9002570879,-47.5976678028,7.0136823464
35,16.7645452285,-27.3965373737,-35.8946505980,22.8987696992
36,17.1032249569,12.8540374253,38.7216153978,-0.4418717308
37,1.5225244407,-8.2318618504,2.1507827223,-13.1731733115
38,-14.2278146244,-25.9678416163,-27.5745281379,26.6266892867
39,-18.7925113725,20.0812920114,-0.3112479772,50.0329439699
40,20.2654394167,15.1407411576,-24.6672444693,21.6385202753
41,-18.6768906381,15.7545828423,-20.5371830889,24.1896360270
42,20.6948314420,4.5534744163,30.4546912514,-8.3332645532
43,2.1732162927,21.6825714813,26.4669577243,-13.4217639769
44,-22.7130553513,-14.3026640693,-40.2946878731,8.8379912241
45,17.5748040625,13.6857869604,-0.1797822718,40.5944714441
46,-26.9156048907,19.8435810939,-61.0602194050,0.1511282584
47,10.9085443353,-13.8630271484,19.0089725164,-13.2815104579
48,-23.1502645720,-18.7587738693,-44.8290901603,9.7131302308
49,-7.4844872527,17.4862667958,2.2976248896,-32.5196938839
50,-1.3818962072,-20.3185733912,-6.2017410294,31.0772477620
51,-5.2271825782,-25.9313008852,-44.9078687201,3.5140566401
52,-30.9542776507,-11.3420827853,-22.4128045799,37.9327998662
53,-7.7276422604,-21.8564251086,42.4114330833,-0.0237050523
54,-17.2477059530,21.4691590312,-1.0515372257,49.3588803815
55,5.1277832137,-6.8921568880,0.0044579924,-15.7203435506
56,-6.5083108928,26.9761848989,-13.0313754031,37.7652255584
57,30.6414959953,-8.3409451914,-58.1235310166,0.0065409148
58,13.7636213091,12.2451821580,18.5490626882,-15.1729157788
59,10.7510592409,-27.1369026350,-0.0288632237,53.4014562499
60,1.4148469970,27.8520999137,-25.4232281689,25.6256696276
61,-16.9081867643,6.8932066768,-27.4392627283,5.9843662639
62,-10.1406827448,16.1800421457,5.2055718006,-29.7481428828
63,18.8092035325,-14.5542336834,8.1801927824,-35.3537549489
64,-13.1988382793,17.7820579244,3.6313343211,-36.9054098146
65,-15.2747801201,11.7408899454,14.9239907008,-20.3418072062
66,-1.7638798060,21.8065737416,20.3474972287,-19.6997210973
67,-26.0189305414,15.6889807850,-35.8791886980,19.7368387643
68,14.9727604714,15.3863075462,39.2656294885,-0.0334633896
69,-22.7017580454,8.5875118148,-8.2997275730,36.1295145769
70,1.2737128940,18.7510846334,0.8161197515,-33.5867630323
71,-6.6036446901,-15.8069974307,0.1046399637,-31.2534882069
72,-2.3417597893,-4.4627419691,0.3619177651,-8.8634745505
73,-6.9773557306,10.3940807170,-14.6037809877,8.3118370553
74,24.0953392644,-0.1316279094,0.6832432520,-43.4238385526
75,28.2655698029,-4.9764398011,-30.7577952545,21.7779963420
76,1.6259932028,9.7344243192,-9.0050732158,9.0606219541
77,5.1130614023,-16.6978228477,8.7404143110,-23.2257646532
78,8.0528569130,-18.4552980231,-20.4665294468,16.3917953891
79,-14.9985016833,-0.9767360337,-13.0986417574,14.4142113544
80,-0.2261629517,21.8428934120,22.7759621042,-17.2095115086
81,19.1406020681,9.3539216434,36.1598281051,-2.8369776362
82,21.9890218821,-18.8402588536,-8.1340099481,44.8705453059
83,-19.3057291807,2.8184831594,29.9175485416,-5.7961298975
84,-16.5504196034,-12.5570038490,-3.9741223715,34.0541738682
85,1.4226739812,15.7069163912,9.0648150429,-19.8043320156
86,7.0308265511,10.3549206814,14.4983974255,-8.4125774777
87,0.4596216356,-14.2855646779,-19.2395606841,6.9236402395
88,3.5807214368,30.7236374599,-0.2888994121,56.3312604109
89,11.7769968416,3.0739736156,1.8078049406,-20.4721949234
90,-30.0414856492,2.7442947905,-52.0506359595,3.1691537766
91,2.9093277481,-20.1930511790,4.4911463590,-32.8538223539
92,-6.9065973020,10.4452371842,-14.7422299011,8.1795036382
93,1.5674120536,-14.2750130884,21.9919910275,-4.2954097655
94,-26.8514072403,4.2514154693,-11.5143448017,38.2493194872
95,-9.6485965331,12.9161563411,26.3459847211,-3.1654786597
96,-1.0649009254,-8.1522664436,5.6353525248,-9.4141153871
97,0.0053962738,-11.2963141728,19.3367373813,-1.3411236139
98,3.0225777846,0.8802978540,1.4252054278,-4.3374859778
99,-0.3712922848,0.8704831924,1.6875113533,-0.0447985458
100,7.9901657551,-22.1121483392,28.2561177251,-14.7815601582
101,-1.4233311181,-4.9357829846,0.0044221684,-9.3986679482
102,-0.1776244097,15.8081364595,-10.9969072356,17.9416509659
103,10.3687600738,-2.4498621226,-7.1993199761,12.3032398685
104,4.5067046096,-3.5027013359,7.6177184765,-2.8304386323
105,3.5348026352,-23.1495721777,34.5926827489,-8.2736707647
106,20.1147442230,-16.3664645829,-5.4103889590,42.0578752457
107,25.5305259999,-2.4824593490,-1.3432884419,45.6106434095
108,8.9450240339,20.1426022686,-9.1899960156,31.1531522661
109,25.6030480938,0.0703753850,-3.0379365057,43.8285193141
110,10.1969972609,22.8832273125,-41.7188194740,4.1394307032
111,-1.5007264096,15.6972503051,-8.9464373797,19.9183350146
112,21.3964111124,13.5640804727,-21.5859856856,24.7870476850
113,-32.8094428752,-4.1785282592,-34.3157390747,26.2269224804
114,27.7911345538,6.3570911874,-46.0755493033,6.1099566424
115,19.0567007503,9.5336669342,36.3306695030,-2.6743045412
116,-9.0213903757,-10.6689951888,4.6933137490,-20.8821256310
117,-1.1370100543,-17.3148110148,-3.6740829526,28.0888729725
118,-29.0937559356,-15.3658744977,-15.7686787211,44.4587236533
119,19.6228052197,-25.3613898175,-41.1779041403,17.5195311067
120,-23.1096637919,-18.8071590333,-44.7498135949,9.7905467029
121,12.5847700489,-26.2999520317,-0.0746015520,53.2950773252
122,-22.6414432257,15.4265886290,-0.6574439227,49.4932907820
123,-2.1141213319,3.4310748364,5.8228095848,-1.5542902115
124,-15.6477815768,15.7670720626,1.2804896847,-39.3818134263
125,-23.2377242831,19.6930450268,-28.2392515981,27.5175459148
126,-3.3842285951,-19.9677081267,12.7634766019,-24.3085823418
127,-11.2706706360,-13.5863412748,-19.7396077851,12.5735314276
128,-25.9359106028,-7.4220085089,-29.5388359278,19.8424272287
129,-8.9357217017,-6.1206245918,13.6089000259,-6.2170851121
130,-7.7682123995,20.5957215943,10.9290051277,-29.3639045072
131,2.2808442609,-1.5050419615,4.5938517564,-0.4082619639
132,-3.8669391020,18.5261957898,0.2524336751,-34.3905518009
133,-9.7900139838,-4.4328851724,10.5655462811,-9.1065254445
134,8.2156202495,13.8132198907,-24.3992447606,5.0200481175
135,-4.2989263826,-1.9564686894,4.2675288948,-4.3782545246
136,-7.4646033570,-1.5850578740,13.5753267045,-0.3932548180
137,9.4210836804,8.0439409337,9.0762904205,-13.5998401131
138,-24.0489409092,2.0943501554,-1.8454649113,42.3426441675
139,-15.6936233384,9.4791616825,-23.6646664348,9.8960858981
140,18.6139232213,-6.5802458946,-36.1348970396,0.0042031323
141,-3.9774031153,-20.0359362080,-3.4307556257,33.9606148128
142,-15.0193195831,23.1408730338,-2.7071326801,47.7920029301
143,2.9325020694,-7.9287051165,0.8293023483,-14.6450420041
144,17.4984983133,5.0333277254,29.5603428337,-3.7693580192
145,-2.1531363673,18.7584333534,0.0009257017,-34.5617687657
146,-2.6597505908,-7.6761484080,8.2046430448,-6.6660987394
147,6.6373447134,-22.2367376988,-42.2865858228,0.1922376308
148,0.5360916397,21.8442865421,-22.2892505580,17.7086696312
149,12.5194632349,10.3388579920,-29.2664893466,0.4546425286
150,19.2263831381,20.6611403363,-50.1096459633,1.5524055341
151,28.1463039955,-5.6718042792,-29.6498206372,22.9075369159
152,-2.8913124205,30.6950711667,-0.7143709663,55.7215499020
153,-23.9308479274,3.3567907667,-2.7475005715,41.4866755044
154,1.5708655121,-0.3270121690,-0.1211098754,2.8159981610
155,20.2845286967,-20.7230787605,-5.4310483874,47.6504369418
156,-8.3280585563,17.1262880312,3.0854490895,-31.7741510264
157,-26.9628875961,-12.9426242166,-51.8828964885,2.8642030191
158,5.4198598898,11.8253990354,-22.3582995315,1.4532773190
159,0.2672010014,-11.2815697599,-19.5244719604,1.1321884987
160,-13.0834645055,-18.9841994052,40.4096658868,-1.7941614426
161,-12.8415044968,-10.9975671982,6.2855646868,-24.6628527638
162,13.4599386127,-2.1554492899,-0.8038135678,24.1484670955
163,1.8548243710,-1.8699162845,4.7643437171,-0.0568369441
164,-29.4112282529,-6.0435487925,-54.9481335717,0.0138582217
165,-10.4541651796,-1.9278893898,6.3755597580,-13.0834250679
166,5.1911472908,-19.7863201562,2.3742883239,-35.0702738248
167,18.4494955314,10.7211703799,37.3617260422,-1.6981339721
168,2.8245942747,-29.1872161973,-3.8080936620,49.8685909562
169,18.0702982117,-0.1157035755,32.8017290231,-0.2765587880
170,-18.4144297642,10.7845052355,-37.4116770976,1.6511593853
171,30.5996362908,7.5333428602,-47.4644517593,10.2205465555
172,-12.5794358806,-5.5638485173,0.0524069045,-25.1259728007
173,23.6618390914,-16.6107360617,-11.5932338938,41.3267581580
174,14.7976855319,-2.3649224774,15.3052758440,-12.1255707206
175,-26.0525734069,-7.0294856546,-28.9001625293,20.4944179115
176,17.6265438634,-3.5409567972,32.7162238303,-0.1937040504
177,11.0610583316,19.1218223106,-6.2512890685,34.1853219309
178,2.5436271640,12.6440918348,-23.5571858482,0.0514662079
179,-10.7513456903,-24.2837757818,-48.2905639614,0.3225731486
180,-13.4221853957,-2.4354946139,0.6518870886,-24.3185681790
181,-20.9202639937,-11.4691641722,-4.0771701406,39.5946134740
182,10.7073860027,-27.1549989237,-0.0325004780,53.3992400948
183,-8.3758519530,5.9058062497,0.1500918508,-18.6098980937
184,17.1575148402,6.1892565375,28.3005177022,-5.0872092583
185,21.7631166491,-23.4924722337,-45.1390695174,13.4805341580
186,16.9788327591,13.0257070505,38.7992423150,-0.3729374796
187,8.3926764739,3.8754921617,14.8531833079,-2.0684096208
188,-15.0667346975,0.2138195240,-11.2288673421,16.3535083320
189,-7.6149933857,32.9097133908,-43.7303356307,18.1024385062
190,11.8489483098,28.7149658779,-5.3950619795,51.4667236778
191,-20.8418611837,3.7164949616,-29.2799802824,9.4727719253
192,-13.5373025629,13.6181910912,10.9293051895,-24.2197317786
193,-17.7038519935,13.5257245526,0.1387098883,-40.6436414891
194,11.7708648167,3.1017709031,1.8330032504,-20.4490473190
195,11.0286103983,5.3697303474,4.4687669638,-17.9848062606
196,11.2925921403,15.4407527084,-6.8746056869,28.1419506495
197,-0.6064735839,0.8555566376,1.6953536348,-0.2243012709
198,7.0450308250,-5.1619071786,1.2130337251,-14.7739937882
199,-24.0208665595,-1.5092664316,-0.2441495411,43.8126591214
200,10.2281274786,6.8919388857,6.8869745427,-15.6893144302
201,15.0364382991,23.7787296707,-45.8657995178,5.6333932028
202,-22.2057074801,-4.6704869161,17.0792044880,-24.4576066868
203,9.3769391455,9.2644058377,-17.1674751237,6.9615046083
204,3.0920449141,21.5500825670,27.8309872032,-12.0203373246
205,-3.7761740218,18.5425257137,0.2278364433,-34.4108737645
206,-4.0477333110,1.5689165525,7.8786883399,-0.0677824652
207,10.8308054235,5.7973577502,5.0947549928,-17.3924777593
208,-9.0303922261,-10.6608307898,4.6780787927,-20.8965977026
209,0.0043704908,15.8143879204,11.2714683248,-17.6767076305
210,-7.0295356330,-9.2374269920,-9.7211155168,11.5271853960
211,27.9826237882,5.5271292304,-45.1916506903,7.0200654656
212,-28.1594101626,-10.2181422904,-53.7128626945,1.1215041937
213,16.7961600181,-12.2420063074,4.3770207399,-33.6681439400
214,-8.4226619468,-2.8193735846,-4.4494018177,11.8090825356
215,4.1150128432,-32.0578832254,-14.9634948830,44.1998032282
216,8.5108759160,-24.7779759207,-26.2635962240,21.6934129132
217,16.8006872106,18.7840110504,-32.3749510375,13.7558074115
218,2.5691430057,2.1430023211,0.1537157966,-5.9703686851
219,1.2571692729,-8.2610890294,2.4524804343,-12.8435094750
220,20.3311115744,6.0972813822,32.4995130769,-6.3540730070
221,-21.1220766940,7.5407603596,1.8388807879,-39.2150771325
222,22.4648416694,-8.2438738979,1.3897165633,-42.4135061037
223,8.0206507860,-22.1018070276,28.2077842134,-14.8310949600
224,12.0247295123,-0.4247820057,0.0251543123,-21.9997954118
225,10.9103779050,11.9339560107,-27.8324144899,1.7659570097
226,-17.3993778852,12.4303121038,-38.5081641975,0.6341173178
227,4.2931049017,-13.4942523394,-13.0377329889,12.8833837092
228,-15.9387579932,-11.8935992743,33.7159173972,-2.6875693233
229,-7.6409750926,26.6563261991,-11.4069182665,39.3524513343
230,19.3425446423,-3.5582064561,-35.4160788981,0.5844722990
231,17.6540921946,4.3846843006,30.1829265858,-3.1146183571
232,-6.6010473384,-28.7295064882,-14.8608103462,39.0987353620
233,26.4134229487,10.5296709846,-49.7095044080,2.3404470486
234,-12.0998128698,-11.8546102129,4.8983306676,-26.1088492307
235,6.5166140448,-4.3058166387,-13.9335513705,0.3638199935
236,-7.0180356506,-8.4223078763,17.6750006409,-2.3927882699
237,17.8832003140,7.4933185256,-22.9828677283,12.5098173147
238,-14.4508863320,27.0187471845,-11.1139217664,44.9734100700
239,-8.8116066598,-21.8170172204,-26.9321862541,16.1380539871
240,3.0402729617,0.7125832329,1.6497910334,-4.0662343275
241,-1.5699746447,-0.3169570023,0.1271394145,-2.8046742665
242,19.0263056645,-14.2809707646,7.7491690588,-35.7976526330
243,24.6745104525,13.9995558342,-51.4756184942,0.4543330985
244,10.4428781583,11.3984796659,0.0152383700,-28.2823033078
245,-13.5613558059,-0.2231403902,2.2441350445,-22.5832335675
246,-20.5177297561,8.9742068769,0.9440002305,-40.0490436050
247,6.2845480210,-5.9761836939,0.4376376780,-15.4371346097
248,1.3203376955,-1.3493968013,-0.3300802765,3.1257117636
249,19.0099790715,4.2300121432,-28.0598422907,7.5889126323
250,1.6993427760,21.7353649271,25.7512270611,-14.1566877148
251,-24.3107801696,12.5049011419,-2.4411279176,47.6016544837
252,22.2997934490,21.9022342189,-21.8863182727,35.3291634821
253,-18.5401631821,15.9217623471,-20.8866915410,23.8478822156
254,-30.9772460402,-11.2819369083,-22.5134221596,37.8338959397
255,21.7911662014,5.4966272806,-3.5311553070,37.6068903309
256,22.0841012079,-5.2713433215,-18.0619459367,23.4985626942
257,2.3390037364,-4.9588529772,3.3075955877,-6.7286591664
258,-1.5969122293,30.8097855177,-0.3236155874,56.1492798987
259,-18.6200648398,-14.7857514894,-8.5564725222,34.9664445488
260,-2.4469840112,12.6594472001,23.5641553239,-0.0378420003
261,8.6054051257,-7.9160739624,6.5828973918,-14.8203866905
262,7.9877487214,-3.7547052427,3.0361604859,-13.1201778413
263,-20.1575821337,-5.7201128484,-14.2744958749,24.0807442783
264,-0.7609735508,9.7975955586,10.3504804962,-7.6379934385
265,12.0110621316,-0.5909419926,0.0103138404,-22.0024821734
266,2.8636887294,-23.2281947021,35.4113830586,-7.4296456264
267,5.4614106106,27.4193231805,-31.9694280033,19.2074672241
268,9.9506254329,16.2911400307,-4.9549007798,29.9886980746
269,-3.6684640770,18.5613124249,0.2002977881,-34.4333431058
270,13.3291264827,9.3379608237,-29.7021909836,0.0884295089
271,16.0121422018,-13.2059739417,3.1810943812,-34.8115755419
272,1.0334327231,-17.3184338763,3.5677017778,-28.1900141083
273,-7.9356969916,29.7092306046,-3.7031601348,52.5861168540
274,-13.9488920141,12.0221567675,-19.0039381302,14.7042302366
275,-0.6635275297,-8.2184317924,5.0270135441,-10.0657445271
276,-16.1339309308,8.6571759123,-24.9688227290,8.5472763906
277,12.2728966297,13.8142494182,15.1289877727,-18.6959583931
278,-25.8821371021,15.9217682377,-35.4682108345,20.1556138962
279,-1.7412032589,21.7311235850,-25.8147577440,14.0914637790
280,20.4598279204,9.0982334407,-0.8790610965,40.1086197962
281,5.6544760862,-22.7703626698,31.7652119610,-11.1817724788
282,14.4425307553,20.5832516113,-36.4295918517,9.5977190633
283,-26.9747428548,3.2330043201,-12.9242856466,36.8062556363
284,17.5425378351,12.2173816877,38.3895857232,-0.7421668251
285,0.3903566401,-2.1372528057,-2.1868359535,1.7901154259
286,20.5721337662,8.8558353915,-1.0079044805,39.9902429929
287,3.4811612093,-20.1161160330,3.9088212707,-33.4609523664
288,30.3366507224,-9.4478050495,-58.0576644645,0.1041234717
289,-24.8022124598,11.4508430685,-3.3059660328,46.6994727169
290,-22.7605111193,8.4204852948,-8.0780213123,36.3448198003
291,2.5025678302,-26.1925852636,-35.8163262638,12.3474435453
292,-8.9545003740,13.3768792341,25.4316752351,-4.0344206723
293,-2.9433258470,-10.7733994530,20.4325421972,-0.0108540689
294,-32.8866538079,-3.5984323377,-35.2541301767,25.3040556197
295,2.4317207259,-23.2684459032,35.9179654445,-6.9067957337
296,-16.5988503362,21.9928565254,-1.4689165210,48.9680623160
297,-17.8462560624,-8.5631848766,35.8340174487,-0.3994946332
298,19.5191688277,8.4823072937,35.2808932262,-3.6767546251
299,-16.2042683020,3.0009289139,27.1616613109,-3.0045520364
300,-6.6122275370,3.1364318065,7.2935645934,-6.1027101557
301,26.7934634193,-10.5525367771,-21.6149819723,31.0971300341
302,18.5640306357,-18.1692423196,-8.0763529228,39.4723318137
303,-15.6749104605,-5.8743403147,14.9821880256,-15.6593916499
304,26.6620238402,9.9153773147,-49.2681041091,2.8022933276
305,-5.9984783902,-5.0917637661,13.4113526687,-0.9912668977
306,0.4988497032,-8.2397200965,-4.7833438233,10.3270478683
307,11.0863557646,-9.6795087899,25.4611025073,-1.4789352847
308,-13.5629006714,-0.3253865080,2.1514670159,-22.6825129791
309,-17.4917636803,-23.9681053068,-33.7254113635,20.5892000223
310,-20.6620560052,-3.7517765528,-17.5213611460,20.9188986824
311,8.2553622957,-28.0426816850,-0.5659538208,52.9441459437
312,4.1938691751,-3.8166954553,6.9191866604,-3.4608240799
313,-21.5024227505,6.4612912514,2.6756834000,-38.4230286002
314,-31.1163720746,11.8885514926,-56.0896584107,4.8844448689
315,7.2829101716,-15.4824711222,-0.2899986798,31.0295532221
316,-0.4785138813,0.8711175465,1.7092456346,-0.1100697661
317,-1.4840560256,-20.3137804279,-6.0806202649,31.2027740996
318,-8.8751393254,20.1716934816,9.2914821154,-31.0486525901
319,-19.0713653239,-14.2232094322,-7.6598506306,35.8896728537
320,4.2866565664,-13.8024044316,24.8635635987,-1.5921263675
321,5.7681908208,14.5302986848,3.2267988688,-25.3899851990
322,6.0433448875,0.4286725737,10.9912881101,-0.0988259789
323,-15.8041504619,-5.4811317437,15.6359306902,-14.9839505240
324,-9.2962710866,-18.3359529270,-0.1733880518,37.4577925215
325,13.6074980993,8.9529058671,-29.7913074432,0.0249128887
326,0.9830402642,3.4985520780,0.8649717517,-5.7871211646
327,-24.6158722687,-10.8751807474,-35.0904732087,14.1703057665
328,-11.1499686438,-27.3713870642,-22.1199052150,31.9809202020
329,1.2160209964,-2.1871734387,4.5019159666,-0.0788742717
330,-4.5352272378,8.9295439870,4.4740871111,-13.8587711758
331,-12.8984969968,9.8904246800,29.5001296896,-0.2527088082
332,-9.0082055341,-0.3846110521,-8.4361974825,8.0683099349
333,16.2490058125,8.4244513277,25.3203527048,-8.1833048252
334,17.7117407649,4.1135056295,30.4251585625,-2.8590131445
335,-0.7689314169,0.8102849026,1.6187956268,-0.4259734759
336,-18.1687456778,6.8230323979,24.1105306749,-11.4151062717
337,7.0272783222,17.6616823183,-1.9213197026,32.8734042816
338,24.2989784247,-8.5733273237,-0.0857230479,47.0808112983
339,2.0369894524,-1.7328602302,4.7332753170,-0.1621059069
340,12.6271251812,13.4737604277,15.9045766152,-17.8970343271
341,-19.0824453439,11.5976339708,0.0498400388,-40.8257901685
342,-4.3413802459,0.8564599671,7.6194298693,-0.4806147268
343,11.2949507145,-8.0175539598,-1.2282543200,24.1264014233
344,2.9925506589,-16.9752500107,-0.5829743355,30.9693024355
345,-24.0465491741,-1.1702001721,-0.3320014509,43.7372015887
346,-20.6067278837,-4.0128905711,-17.0898164766,21.3392904432
347,-4.8434965265,8.7847475843,4.0201128545,-14.3425318157
348,2.2788842758,24.7908148462,-45.5565037885,0.0143129781
349,17.5665625645,8.1647380016,-21.8115754495,13.6475036688
350,-19.1303151929,9.3761963393,-36.1811993860,2.8166167746
351,11.4028718378,6.8385982868,-12.3762032493,11.9626435297
352,-23.8729247402,18.8920939241,-29.8642102808,25.8631296842
353,6.0164272711,1.0505341749,10.8050253796,-0.3746488473
354,6.9808294434,-12.7640665980,26.4893129020,-0.1413145674
355,17.5776803836,12.1642567255,38.3588573946,-0.7702809039
356,25.2193024422,-4.9320702902,-0.3433085752,46.6950458136
357,-24.4801089360,12.1547509253,-2.7166315981,47.3136657295
358,0.5018020786,21.8223094721,23.9117031717,-16.0445079885
359,10.0273169123,7.2057843911,7.4520619213,-15.1507040325
360,-10.3789398106,-2.3952976027,7.1117810289,-12.3862109362
361,-0.7512018073,-29.3724788417,-7.2782987237,46.5054890724
362,-9.6189353993,-6.7578725446,-4.4601575206,17.0583152096
363,11.1279813490,-30.2298909377,-25.8988093601,33.0669861054
364,6.0269169397,-22.4235390931,-42.1484681659,0.3544850207
365,-23.6491453235,5.1381708989,-4.3131359251,39.9864903335
366,-1.7562409652,12.7474571916,23.5533066590,-0.0012765176
367,13.4701397590,-29.2196420017,-29.9550913752,28.9411627026
368,-13.2307505706,2.5040742922,5.3363159106,-19.3124639157
369,-10.1272292317,12.5670037998,26.9393632160,-2.6043190851
370,-0.1756605669,-2.2143077901,2.5910299145,-1.4749858646
371,-16.8143498597,-24.4319944304,-32.4237616544,21.8665641438
372,10.4001121612,6.6053651092,6.3910931755,-16.1614192546
373,-5.0380682337,-6.1562783527,12.0923943020,-2.4691868973
374,-10.6542478719,6.1463352962,-5.6363239879,16.8788099947
375,2.0892264226,-14.2256890216,22.6228827654,-3.6965123361
376,-19.4169674981,-3.0463839118,35.1650328701,-0.8124385943
377,19.5443856666,-11.8445811602,-29.3278221155,12.5052055010
378,21.0813190980,-0.1750938538,23.3588270674,-15.2317755661
379,-3.2753659177,-14.0412873807,-23.9211066450,2.4714330882
380,-9.3443612338,12.3721173003,-0.3201260549,28.0606144110
381,2.3469929267,-23.1783421259,-40.3651543364,2.2796653863
382,19.8498253353,7.6187561671,34.3333198088,-4.5861867699
383,6.3389061396,-5.9245555043,0.4780912814,-15.4042538895
384,13.4603691756,-15.6903401821,0.7635426738,-37.0780981198
385,-9.4981324918,22.7594440601,-37.9813233939,7.1620948347
386,-1.2349809301,-8.1180176332,5.8988095862,-9.1321590382
387,-3.3439996534,12.2251226581,-20.2930346262,2.9070827916
388,-33.1140354227,-0.7976483527,-39.6820791091,20.9506151539
389,-15.8700991804,-5.2667807430,15.9897672319,-14.6183508165
390,5.1976234378,11.4761980614,17.7467387778,-5.3144904890
391,-9.9519420229,-9.7423233000,3.1652136065,-22.3276243092
392,-11.8593073340,28.3014302670,-7.6722329429,48.4978780381
393,19.3161485673,-17.3365277267,-6.7632422438,40.7475216293
394,-5.0458278294,27.3139423271,-15.2030306242,35.6410141664
395,27.8734372118,-6.9812421521,-27.5323440154,25.0658780445
396,0.3900222287,21.8441778837,-22.5188489124,17.4732057829
397,15.7051123262,-13.5532843642,2.7793910681,-35.1936782334
398,15.0244848883,1.6380028613,9.0560401673,-18.6091813165
399,26.9984944982,9.0102883109,-48.5552864438,3.5448892608
400,-1.0596882718,-29.3680040349,-7.6219058415,46.1710947598
401,-22.5595388393,8.9766105384,-8.8274424031,35.6167732061
402,20.6743061266,-24.4849993593,-43.1282172332,15.5317457325
403,-21.9202698722,-9.5286126023,-2.2792961957,41.4727262114
404,1.6052611057,-11.2500864440,17.9187612067,-2.8830614845
405,-13.0693534632,-18.9943554035,40.4215495072,-1.7829394288
406,-11.2421086190,-12.7168455963,3.5698343867,-27.5002774497
407,7.0539928001,6.1857333181,16.9849891108,-0.1887432185
408,1.5624745563,3.1839227109,0.2793042367,-6.2128154293
409,-0.4084170972,-17.3045338064,2.2343250657,-29.4503771351
410,-29.8405498665,-3.6616174350,-54.8674470773,0.1652491249
411,13.4825890015,21.1986673698,-37.8415554399,8.1459452891
412,1.3689760491,-17.2283463543,-1.5052484409,30.1305755588
413,-13.3979249118,-2.5956793583,0.5717696771,-24.4090995983
414,-0.5526689568,6.7941233356,0.0978599073,-12.3798350249
415,-18.5874110337,-9.4685820235,-8.3092303266,29.8751937510
416,-10.6339862240,15.1796448475,-11.8205590782,22.1055648445
417,-20.0672891007,26.9258446155,-58.8189704486,2.6512896230
418,-1.4966928123,0.0286553315,0.4182972169,-2.3218951707
419,5.9513724441,-28.6602799888,-1.6168401928,51.9648308640
420,3.4630866370,-10.9068932269,15.6504872332,-5.2967622218
421,24.2056178259,7.8726948882,-11.9472094010,34.6457032127
422,-5.6987660349,2.4992761659,-9.7031592592,1.6875157235
423,0.3066310947,0.8637956420,-1.6586897231,0.0191529343
424,-14.7903686275,-29.0605357996,-0.0001889664,59.6882921594
425,-4.9924287049,-16.4378865667,0.0296682165,-31.4169787190
426,-16.2684338883,15.1534937865,0.8374134279,-39.8593479832
427,-5.5469735260,-22.5576515615,42.0067464864,-0.5150332705
428,-11.4697629785,10.2945649916,-0.1100718358,28.1017584097
429,-13.4906722652,-1.8862826266,0.9638513932,-23.9709924008
430,17.5827953395,-3.7275979262,32.6569921240,-0.2435804340
431,-22.0690295179,-19.9804899563,-42.7072073023,11.7869416197
432,-4.3928856091,24.3731892395,-43.1900999441,2.1437823484
433,-29.2786558375,-15.0229999430,-16.3246625011,43.9131281861
434,-9.8348714509,15.7389204970,-10.3668573960,23.6054095019
435,8.8532545382,-14.5818963230,-1.1064804963,30.1200771597
436,5.7170689871,-16.5190674761,9.6651423829,-22.3326654159
437,4.3979046352,-19.9581272552,3.0462134326,-34.3635199766
438,5.7969078376,14.5178325256,3.1948717836,-25.4201556880
439,14.7580705549,-14.5339044276,1.7455650823,-36.1697939827
440,17.3956125363,-9.4975878630,-35.4568879206,0.8225794388
441,15.8115813255,-12.0708201659,-33.5387397447,2.8743685829
442,4.3325376018,11.8683535267,19.0258341765,-4.1014312380
443,6.9420503981,-22.1365602243,-42.3374576586,0.1292368638
444,-18.9574978501,11.7913990304,0.0273354611,-40.8392349320
445,19.7907885504,-6.8026951602,12.5080426320,-25.7993014883
446,-10.0234830895,15.6125098249,-10.7008259182,23.2607063370
447,0.5521695881,24.8559062496,-45.4248683776,0.0849955585
448,19.7660550424,-21.2346288923,-4.7447845184,48.3587359314
449,-0.8513616547,15.7656865480,-9.9417252134,18.9593492376
450,-26.5788504061,-4.8821238642,-25.4080774589,24.0583624068
451,-19.6533034494,-18.1514840368,-45.3149724658,3.6564837558
452,2.9674704588,5.8418366819,3.5185334900,-8.4754679807
453,18.7987428240,12.0314260317,-0.0086541954,40.8466050495
454,-10.8269284325,-9.9507823719,-25.7022969276,1.2153608168
455,13.0322914181,-16.0313151528,0.5356568980,-37.2827499669
456,11.1254439929,-20.2493725902,-41.6962487826,0.5962365599
457,0.7051471786,-1.9723434042,-1.5632207418,2.2709458786
458,-19.7921331498,-11.4045826812,28.5657330363,-13.2479035892
459,22.1375636273,-5.0173764299,-17.6449688477,23.9055092442
460,-13.3987285363,-11.6135795681,-24.1754151243,8.2817710864
461,9.1595508849,-15.0092306099,15.6084013522,-16.5778609237
462,18.0600879779,1.3297089351,32.2894044087,-0.8589994243
463,-24.0270910850,2.3923144608,-2.0426869515,42.1562799226
464,22.0366736829,12.5431684799,-19.6813044538,26.7334513591
465,-7.6998383090,23.4685517539,-40.1572981347,5.0548589919
466,17.4954720774,-9.3010003400,-35.5494511373,0.7202544575
467,3.9608286433,-10.3922989455,-20.2785483030,0.0793366103
468,-25.9992608507,-7.2115733704,-29.1964996049,20.1919109827
469,-0.3139788987,-20.3231242087,8.3420463451,-28.8637919263
470,7.4841620065,-4.5786722361,1.9108112010,-14.1493191409
471,-22.8097286346,20.2030305886,-27.1794635547,28.5965104358
472,-8.2135311344,17.1780020839,2.9712732244,-31.8825374802
473,-32.2545269182,8.0873529347,-52.0011679994,8.8682563965
474,-7.9831978170,-18.4875270340,20.3458294775,-16.5158394222
475,24.2668954999,19.7708901164,-26.5194905614,30.7773846576
476,6.8584273476,-22.4636517645,30.0052381267,-12.9881882587
477,19.4051493094,-3.1343857677,-35.2107379022,0.7706967472
478,-16.0274792552,-4.7076756720,16.9033042433,-13.6743258191
479,15.9482907799,10.8574586130,-16.7205449795,18.5958103500
480,-21.9538488159,16.4257729723,-0.2886854012,49.9008828774
481,19.8351517767,10.3260992653,-0.3526521670,40.5810042951
482,7.7277205416,16.9425003185,7.0094755059,-27.0773880737
483,2.5726805187,-8.0303966150,1.1174920568,-14.3180464618
484,12.5489523622,13.5504718182,15.7314926185,-18.0753212716
485,15.3600550262,27.0690903123,-9.5839579183,47.3873301476
486,34.5615562849,-2.8777800873,-23.3655231120,40.1182019866
487,13.4042258713,28.0516453848,-7.0948207282,49.8147125500
488,-25.9777876871,-20.0575395866,-8.5389952367,51.5378283569
489,17.7827048027,13.4264132105,-0.1160215227,40.6713233607
490,-13.2126970152,-11.8137161650,-23.7799886049,8.6636759290
491,-14.2745795553,16.9688020674,2.4953555470,-38.0947901815
492,-20.3847404147,-4.9293871363,-15.5759317825,22.8137429505
493,6.1150522744,-16.3881718076,10.2949208225,-21.7239057595
494,-17.3675345463,21.3688340099,-0.9808890605,49.4245488968
495,18.0323948503,1.7921106751,32.0590531637,-1.1117844074
496,0.4843275936,-5.2931406278,0.8760964838,-8.8534526064
497,-1.0293733543,12.7993789976,23.4283500031,-0.0765104863
498,-11.7166538798,-13.2244925966,-20.6504219246,11.6912466159
499,12.3093397814,28.5289860336,-5.8728964265,51.0029136472
500,-15.5493579243,14.7761527458,-39.2637316214,0.0010371198
501,24.5438674870,14.2187537490,-51.5409443300,0.3811141089
502,-9.0115329864,-24.9459506285,-47.5640558983,0.9875249415
503,-0.2774363232,-2.3000950689,-3.3656755676,0.8751568764
504,-8.8981587062,13.4120501888,25.3549540210,-4.1075223452
505,14.9893873745,15.3693698625,39.2668470832,-0.0312758345
506,23.6669825168,-10.2740431090,-0.5128847776,46.7154044250
507,27.9260311619,-6.7510481519,-27.9072463438,24.6837646840
508,-32.8279062024,-4.0467062461,-34.5295313187,26.0166615928
509,0.6080480134,21.8439809835,-22.1760149230,17.8247944173
510,-14.1572800089,13.0046628599,12.2589912874,-22.9298774210
511,11.4076060972,22.3329877409,-40.4566325693,5.4481730756
512,-6.2694792776,-13.0993618096,-26.1998625705,0.3833050187
513,-25.1477164595,-25.4353592956,-15.0418882323,50.4316870560
514,-2.9740706251,-0.1969627385,-2.9559692433,2.4999809318
515,-11.2978771949,-20.7026085623,-22.6700165277,20.5017599211
516,7.5568623429,-7.8968889597,-16.7866829146,3.2208169026
517,11.0612452499,-17.3838937441,0.0116661137,-37.7050338182
518,16.0015349104,-4.8051951720,-16.7449994792,13.8379293676
519,-26.8564821143,19.9259651072,-61.0786090567,0.1353994586
520,22.6482200154,-18.0143673483,-9.3891072580,43.5834153006
521,8.6683974714,-2.1130986495,5.5780278305,-10.7540906058
522,-9.3917958676,-10.3208507452,4.0729184368,-21.4705893186
523,-23.0405466865,7.5640460831,-6.9868206996,37.4034291576
524,-21.4001775950,6.7693231879,2.4234776509,-38.6625493612
525,-13.2436907427,-18.8677407406,40.2719039183,-1.9243848913
526,2.2106960491,-1.5765801791,4.6469181315,-0.3234035606
527,-17.3207828025,-11.5247599197,-5.3329355351,32.7497248854
528,-0.8413203683,24.8208916492,-45.0731383826,0.3874988283
529,-21.6220034268,-7.0532797482,21.0448838614,-20.5867214885
530,12.9294963179,-4.5859810655,-0.0107486880,25.1013022008
531,3.7661097453,-10.8199685990,15.2225492485,-5.7488413449
532,17.6608792902,-14.6145275715,-34.0240841599,7.9374609089
533,-12.0505059638,0.0351484682,-0.0999036730,21.9585938990
534,-16.8236952097,-6.1314531583,-31.3592196545,1.4179803458
535,18.4792451499,6.0013842024,-25.4343470928,10.1309767553
536,6.6959373550,-5.5618215908,0.7980292630,-15.1356410961
537,-2.6262261599,-4.2627279719,0.6051408947,-8.5597625550
538,14.2318225947,-18.8944969433,17.2210329555,-26.0788780207
539,11.8869650579,14.1653686457,14.3090652040,-19.5406433849
540,-6.4226904534,17.8732399541,1.4772926573,-33.2878546146
541,-15.0526635181,1.1823777359,-9.7413037710,17.8974105636
542,25.1476096131,13.1657100948,-51.1734246207,0.7861724031
543,-7.4613777146,-1.6067038716,13.5892928764,-0.3818002718
544,-20.5488120115,5.2370391597,-31.3808574016,7.4360300533
545,-4.4056935989,24.3706203969,-43.1807437698,2.1526757184
546,15.0518145355,-0.2416117344,11.9399017776,-15.6159349173
547,1.1158070483,18.7651926426,0.7405962024,-33.6696860015
548,14.3777360983,-10.4471032082,26.2686348360,-6.2638309521
549,12.4460530835,-5.8844853059,-0.1155708555,25.0849426348
550,-7.6058935059,9.9049257018,-13.3231084007,9.5366413231
551,11.8070623295,-16.9112579974,0.1147918723,-37.6394886764
552,13.0175394831,9.7425527603,-29.5631677755,0.1999140401
553,9.6316810357,7.7692250755,8.5252149998,-14.1263981604
554,-11.7389834274,-23.8437849905,-48.5467067198,0.1021421805
555,-1.5342905653,-29.3547907817,-8.1635485817,45.6436268058
556,-1.5303781944,-0.0849667898,0.3048792956,-2.5007862051
557,15.2337442422,16.1507137908,-1.6151718662,39.0248304476
558,-6.7509429960,6.5498528020,-17.1543125447,0.0636221441
559,-21.5493135604,16.9722246650,-0.1471435612,50.0641784608
560,-10.4309638553,-2.0869291671,6.6232510420,-12.8489841628
561,-16.0368074127,-7.8510387440,-29.7865458685,2.8978315589
562,28.4637153238,-3.4744303733,-33.1047824708,19.3846644546
563,20.8638254856,19.0638641929,-51.1847640616,0.5483752807
564,-6.4274519446,11.3564103821,21.4587338327,-2.4276754380
565,-10.9952614506,-24.1795721767,-48.3647624384,0.2571373112
566,-29.9530558456,-13.6815308420,-18.5221994484,41.7556173968
567,-5.2123676424,8.5941923850,3.4905627429,-14.9083285285
568,-2.3585980236,21.7634226594,19.4018094747,-20.6693151965
569,-9.1756590585,8.3451397846,-9.7019319855,13.0016862160
570,-0.9916253570,9.7882440371,9.9949081746,-8.0141445438
571,-19.2527601518,-12.3351300281,30.1742529276,-11.6806792847
572,12.0016123257,-0.6920082127,0.0044647126,-22.0009283516
573,-0.1298032701,-17.3165857683,2.4700763689,-29.2287562453
574,13.7016440551,-5.7780218005,20.5892368205,-6.6304665138
575,-19.1197060781,27.6272399418,-58.0260094766,3.4750502343
576,-3.7688727397,-7.1134758465,10.0553784969,-4.6805059684
577,-17.0860720801,9.0734648726,20.1619949508,-15.2504936978
578,7.0646716153,-15.5907541839,-0.2199635712,31.1120767671
579,-21.9781870539,-5.7368588667,18.8319797556,-22.7469740227
580,10.6254131544,6.2008134478,5.7233722509,-16.7961557392
581,16.9452524338,6.7941222044,27.5647869148,-5.8537589517
582,-3.8700091972,-32.2077733460,-5.5253808576,53.8548967658
583,15.0683546554,0.6261928642,10.5909550921,-17.0154156456
584,6.6807359983,20.6344346115,32.7511112013,-6.9504927988
585,-3.0679012142,2.8134414546,7.2089524509,-0.4107214596
586,-0.1277432769,24.8485972019,-45.2805611326,0.2052993016
587,-1.4844579710,-8.2365827589,-2.1931276955,13.1268133283
588,4.5203480575,-16.8505326743,7.8704662443,-24.0649494702
589,-0.9572259524,0.7191192485,1.4500929963,-0.7414733514
590,-15.4625684743,-25.2789275255,-29.8633202517,24.3797854289
591,1.5636534318,-0.6630090836,-0.0033153829,3.1056155905
592,-10.1495397398,2.4081973030,1.1229130868,-17.9715888981
593,-26.3110131844,-6.0691291300,-27.3367295905,22.0901807185
594,-14.6708931945,-10.0546359740,-26.8968040762,5.6598336805
595,-10.6365387424,12.1645620628,27.5321464199,-2.0467967558
596,13.3682881561,-29.2682286087,-29.7754128323,29.1239187368
597,-14.9567133733,23.1829464316,-2.7620992244,47.7394354385
598,-15.0464458780,1.3048819898,-9.5560358976,18.0898032411
599,-8.9370142378,16.8357609352,3.7313330469,-31.1593370298
600,9.3964694668,-11.2297206934,26.5392343760,-0.2636454213
601,-25.0745367880,-16.1917020542,-48.5187096381,6.1179524257
602,4.5839350560,24.5151316026,-45.2021260984,0.4504654954
603,-8.0180649397,-8.4650738136,-7.7809197635,13.5619767270
604,4.2593322280,8.5685221050,16.5512714065,-0.9643361638
605,-6.0394867767,17.9956288457,1.2269955160,-33.5195643904
606,4.5056110471,-3.5038878965,7.6152420118,-2.8326678690
607,-11.7603991545,-19.8694806071,41.3561182325,-0.9082579963
608,-33.0442834400,2.9789768978,-45.3002257899,15.4325046962
609,-7.5326394752,-0.0311001536,12.1799079356,-1.6086764994
610,14.2631631127,-8.9452683252,-9.7520251939,21.0664648434
611,-12.5256708628,-5.6958558937,0.0753576477,-25.1121088897
612,-0.4792958219,0.8710758348,1.7092896649,-0.1106483975
613,-2.0589191924,18.7665932298,0.0000210791,-34.5582791081
614,-22.8545881730,8.1445541488,-7.7181124864,36.6941872433
615,1.3494453978,21.7676294815,25.2180198670,-14.7040332204
616,-0.1315866053,9.7954976488,11.3043908922,-6.6278467705
617,-0.9245742658,0.7382001781,1.4854959442,-0.6802037634
618,1.1085934389,3.4418443112,0.7189089014,-5.9001182129
619,2.3998665175,-4.4242532234,-0.4059300951,8.8073724568
620,5.6605999978,20.9617953606,31.4314239553,-8.3135000877
621,-3.0328578823,0.1554312442,-2.4404721854,3.1184480534
622,9.0438333036,0.1571386669,9.3327185711,-7.2244814302
623,-11.4940022140,15.2991308613,7.1936784634,-27.8341679161
624,8.3624460392,16.6178235941,7.9495585141,-26.1036987802
625,-8.4973723456,-11.1207311490,5.5914343359,-20.0274026748
626,-26.5943579376,-19.2576932543,-9.7067925007,50.3970272740
627,17.6603040817,-15.8759656874,10.4715675714,-32.9977087772
628,-0.8178687636,18.8298675778,0.1120605984,-34.3884357066
629,0.7144260606,21.8117058884,24.2411636411,-15.7064896571
630,-12.1390999470,10.7577362186,28.9866922319,-0.7038543996
631,21.0760087551,-0.3281735598,23.1141888161,-15.4700388756
632,-0.3431712178,-11.2762800629,19.5738639349,-1.0768787378
633,1.5036197257,-0.9424459788,-0.0368688879,3.2114631756
634,18.2036812877,-15.2753108965,9.3865994646,-34.1125941611
635,-8.0565051563,29.6746680830,-3.8036195662,52.4820717556
636,5.2179637171,-19.7799331361,2.3528314657,-35.0929129678
637,7.2635461178,-22.3450051727,29.3893803755,-13.6198126773
638,11.3888183483,-12.5779304388,-3.7781155911,27.2815524899
639,3.1800750124,9.0882618463,15.5945317597,-2.0305296541
640,6.1386281240,-19.2287201272,-17.2005479022,19.7476618431
641,14.9740163278,2.1700871598,8.2700415838,-19.4261831218
642,19.7055820523,24.1941772892,-16.6071617398,40.5110086721
643,26.6303402796,-10.9775754602,-20.9031737195,31.8228089237
644,-17.9300417627,-1.8439282304,-32.9922385921,0.0017341646
645,-1.6330610584,15.7796821255,13.9152176455,-15.1237004040
646,8.4376388845,-8.0807341203,6.9280615640,-14.4575867349
647,-1.2532133145,-14.2110563498,18.0477583755,-8.0664776505
648,-19.4926090847,1.4277789318,31.5336146724,-4.2431188739
649,11.5449833204,3.9680654004,2.7044891366,-19.6419758225
650,5.7291925464,-1.4373188957,10.4529625910,-0.3592948241
651,3.8880436004,12.0402859319,19.6211556537,-3.5391677426
652,6.9245565292,17.6992468718,-1.8416001122,32.9480754852
653,-18.3262805487,12.7084202784,0.0130973870,-40.8096942796
654,-2.0904824072,-14.0834231029,16.7315122341,-9.3305944040
655,7.4955658981,-18.7042272354,-19.5042831054,17.3806270461
656,-5.7554250893,-12.8794305083,10.4598862662,-15.3627399995
657,-23.6556898198,5.1047601137,-4.2806504351,40.0177414750
658,-20.7217415949,8.5205568518,1.1989477577,-39.8135795908
659,-26.3303870798,-19.6063777100,-9.1935567378,50.8985743620
660,0.0690756065,-17.3186159544,-2.5228795077,29.1790309966
661,2.2801142383,-11.1621883624,17.1680184634,-3.6862545029
662,-0.6003665725,-5.2917195176,-0.9870912276,8.7615223699
663,25.6089121905,-0.5230646056,-2.5867765485,44.3000135980
664,-1.5614175145,21.7487624652,-25.5415010476,14.3719900004
665,-29.9646919347,3.6004736529,-51.4014651083,3.8433238070
666,2.6087760987,2.0770722377,0.1937309060,-5.9103468455
667,24.0665052699,-0.8478445482,0.4278146012,-43.6531575680
668,4.3971899931,-32.0161279293,-15.3615726399,43.7939806838
669,13.3521109165,7.4837135217,1.7976964657,-26.2205458919
670,20.5507713487,5.2285462717,31.3695456012,-7.4469812413
671,-4.5747979473,-19.9226648038,-2.8902310055,34.5272465681
672,-9.3316908367,-10.3790913555,4.1726285520,-21.3761389513
673,0.2987347099,21.8304964428,23.5960417232,-16.3683374320
674,15.5108164243,18.9946509629,27.8554432837,-17.0339857124
675,-3.1302956801,-23.0691779385,40.8740996834,-1.7409228336
676,-13.1965554005,-3.6182623199,0.1803911500,-24.8673839741
677,-9.6693721951,19.8242187790,8.1532660182,-32.2213698829
678,-2.4167193001,12.6641013133,23.5659070180,-0.0340075574
679,-10.5532814861,-0.5926174907,4.4246793444,-14.9234948273
680,16.7339250210,-12.3229693481,4.2724179879,-33.7684357777
681,-25.4820552808,-20.6655050387,-7.6753495201,52.3804964437
682,-8.2796040008,-7.0608873350,15.3113021477,-4.6073190100
683,10.8896682347,-20.9097187059,23.3944093431,-19.7603345605
684,9.4853049457,-27.6283845053,-0.2190635488,53.2520620414
685,0.0642971056,0.7066513456,1.2051640180,-0.0937019220
686,13.0082795988,-26.0843431621,-0.1424899177,53.2128844873
687,17.6085605206,-23.1147068451,-2.4663470582,50.7236945565
688,7.5062532411,-8.8863842867,8.7985501093,-12.4944284091
689,-10.9680776872,-16.7906556232,25.5754797559,-11.1361145730
690,17.6694801418,13.5686533437,-0.1491764890,40.6310091493
691,-2.6221451849,-7.6916057772,8.1421730621,-6.7329525422
692,6.9954119471,-19.2694168361,1.1261157334,-36.3988845348
693,-16.5046452564,-2.0002745787,21.0794106579,-9.3533454915
694,3.0494916535,0.4991702269,1.9461344022,-3.7102377248
695,25.5192379401,-2.6215765850,-1.2696900593,45.6890158869
696,-6.4038654165,-4.4953156095,13.8379258426,-0.4841536223
697,-19.5462364620,27.3178882299,-58.3934281250,3.0938686440
698,-20.4828423983,-4.5462902505,-16.2083630346,22.1978518758
699,-1.8915225016,-14.2466386971,-22.3879354568,3.9193290896
700,-15.0612785682,-7.4133112675,12.3784467397,-18.3498686313
701,-10.2319641381,19.0256856158,-36.6592953369,2.8840720307
702,-5.1699123902,3.6320088621,-8.1992004130,3.3662153773
703,-6.6475131975,-19.3831350614,-1.3348029425,36.1745295366
704,24.3891018359,14.4727653400,-51.6090279994,0.3038282841
705,-5.0161583799,-32.0665404336,-4.4980862214,54.9134224917
706,3.2116702897,-4.5463792577,4.8809804363,-5.3082240361
707,-19.7645694648,-6.8732533475,-12.3937738219,25.9104144875
708,5.4213124612,30.4820089094,-0.8688603314,55.8039451139
709,-10.6077870283,12.1881795170,27.4998380492,-2.0770852093
710,-0.6726325950,21.8435048969,22.0743090895,-17.9290932831
711,20.1948420903,-5.5980777458,14.4748815283,-23.8857008892
712,-10.8716322598,-8.6240071469,1.7903521196,-23.6110960490
713,7.0646431793,-31.4936787333,-19.3104780796,39.7712029271
714,-1.8238174910,-4.7584945775,0.0866059272,-9.2416675507
715,-18.8993883978,-5.6244669933,36.0540717766,-0.0406701648
716,-27.0856381396,1.7377071935,-15.0760043141,34.6060808075
717,16.7821077123,7.2178796900,27.0180894235,-6.4222695250
718,-19.3182616304,2.7444131019,30.0090722368,-5.7079840522
719,8.0836690661,-31.2314975405,-20.9021944408,38.1508723470
720,-18.6741878419,-6.3924507697,36.1301874525,-0.0001473170
721,8.1614874853,20.0568764648,34.5250765690,-5.1121663259
722,0.1920867543,0.5638336288,0.8574371888,-0.2329081786
723,0.0243552426,18.8274151635,-0.3035015573,34.1600366387
724,-1.4773378276,0.0818679685,0.4772209841,-2.2311891959
725,-21.9492023455,-5.8568885510,19.0316704464,-22.5520526405
726,11.4130690868,6.8228819840,-12.3467587561,11.9933237037
727,24.2121062976,-8.8304226999,-0.1268839422,47.0488904870
728,16.1035708590,8.7172196963,24.8768607018,-8.6424619819
729,14.3097288795,-18.0367038194,-39.2175342695,2.9272684472
730,4.6923997919,-10.0445659542,-19.9712042020,0.3227091935
731,-9.9082617029,-9.7899060224,3.2344329684,-22.2624723906
732,-7.4663175406,-31.6238303167,-2.6201855475,56.8586157934
733,-12.8258737688,27.8584218832,-8.8777936497,47.2619034290
734,30.9588837459,-6.9769176169,-58.0454847096,0.0458742366
735,28.5819331360,1.0108699630,-39.6271217818,12.7247059568
736,-15.2852369380,26.5382598669,-12.3661942846,43.6935569868
737,-5.6193515406,14.9665626177,20.4343773803,-8.8292444780
738,31.6306680146,-0.1230752199,-55.1621896858,2.7380619289
739,9.9357302048,3.0703770669,-0.6535464028,18.3823761653
740,-16.6096592465,-10.8838729314,34.5932896281,-1.7566692458
741,0.6082831399,-32.3673904756,-10.3618255253,48.8970171061
742,24.7780156049,-14.8267036677,-14.4878684757,38.3681990289
743,17.1508307727,-15.2351637468,-35.0347048879,6.9575774422
744,-21.0024050114,-11.3250678466,-3.9240488006,39.7538342379
745,0.7419817063,-11.3031852642,18.7494034417,-1.9855631676
746,9.8478080341,23.0277920985,-42.0479904666,3.7970212596
747,-16.2387527842,2.8368153889,27.0064789311,-3.1686595364
748,10.9064985267,-30.3142506117,-25.5240731044,33.4481780153
749,-1.4970488099,-0.9635072568,0.0446013054,-3.2142479488
750,17.5776401348,-3.7490170725,32.6498219078,-0.2496753397
751,-25.6734083787,9.2110200660,-5.4688666559,44.4592947750
752,-5.4387979979,11.8175322952,22.3437957448,-1.4691635939
753,-25.4389507246,-8.8953143111,-31.9274106942,17.4032468623
754,5.0456443037,-31.9104888382,-16.2910753324,42.8466356715
755,-31.2104358358,-10.6501745708,-23.5712187797,36.7940211700
756,-1.5555706337,-5.1828888971,-2.1169289824,7.7884292337
757,-19.5689699418,-1.2899652113,34.0384338322,-1.8602306503
758,-24.0625738508,-0.9172736667,-0.4061694474,43.6722689548
759,-18.3759653316,10.8534010376,-37.4654033320,1.6006770918
760,-1.2926749134,-1.3933532162,0.3815293857,-3.0975890880
761,11.6066351172,-2.7856187539,0.4371349018,-21.4120920428
762,-12.4490047739,-19.4252391479,40.9050877477,-1.3281353741
763,-9.4499599611,-5.1954914148,11.9301394590,-7.8099486279
764,11.1479152438,-16.6654974131,-25.8909221175,10.8110862797
765,5.9802725592,-25.5569737342,-30.4931577989,17.5524846347
766,-13.0164839361,-4.2997133264,0.0397780567,-25.0531376912
767,-6.4841657301,3.3571144545,6.8691376824,-6.4965703349
768,-11.6499747366,3.5973780724,-2.3111427686,20.0076296984
769,23.5405095491,15.7685908292,-51.8224179218,0.0424857876
770,21.7758470794,-9.8375915851,2.5281842246,-41.2113161992
771,7.9182978326,6.4536946480,-0.4216479553,18.2771730947
772,11.2603708595,-20.7220553426,22.7369523255,-20.4332523857
773,5.8171567849,21.1833791742,-13.9235509327,26.2880301032
774,7.9260453972,-7.4912877832,-16.0779936347,3.8854595772
775,-19.4952152191,-11.9292739872,29.4742304358,-12.3625567971
776,-9.8202175275,-27.8517922291,-19.8904771954,34.1683517493
777,-0.6264926559,6.7929141453,0.0781583102,-12.4090151457
778,-25.9617471161,-14.7813702933,-50.1466130658,4.5390155797
779,3.0720625876,-10.7313558685,-20.4296152494,0.0031462895
780,25.4611616027,12.5741531161,-50.9096974583,1.0705920538
781,11.5824862298,3.8407013687,2.5658922510,-19.7710335943
782,-0.0250291487,-23.3457458856,-38.4334358602,4.3008846644
783,-21.3718233145,17.2033089802,-0.1009098664,50.1197320097
784,1.5094659231,-2.0693155429,4.6858927646,-0.0026627542
785,2.2095510381,-23.2860060721,36.1721782388,-6.6442240319
786,15.1421382987,10.3864232544,22.1113469506,-11.5001767386
787,0.7423792518,-20.3369032138,6.9806665844,-30.2707495349
788,17.7580791947,-14.4910684988,-33.8206162473,8.1349143118
789,-7.4817433639,-1.4619419382,13.4928850367,-0.4614221673
790,-8.3220274817,5.9744264436,0.1759880320,-18.5765407365
791,7.3659253807,10.0993176294,13.8229369412,-9.0584888892
792,-14.6258278888,11.1410878699,-20.7272778188,12.9279084301
793,-27.8192692395,-17.5003144639,-12.3777741344,47.7832758611
794,-12.8961735594,17.9929429779,3.9754079680,-36.5467183743
795,-5.8299324854,30.2275552547,-2.1702810057,54.1808560743
796,4.3820248263,-25.9092583744,-33.0174397231,15.0828913581
797,19.6187125419,-11.7149469972,-29.1035331134,12.7237571751
798,-6.2130118835,-31.8745282621,-3.5249928261,55.9192802152
799,19.6984576301,8.0280842184,34.7915252046,-4.1459861513
800,15.0369648996,-0.5036441040,12.3515822923,-15.1889576972
801,0.2120239137,-11.3030899830,19.1836348399,-1.5102666529
802,-27.5649355831,-17.8858671553,-11.7809267373,48.3677901223
803,5.8703925445,-0.9537453266,10.7579166001,-0.1287098305
804,-5.1057169097,8.0332870400,-17.0606382554,0.3629581090
805,-7.9569738776,-21.7685763289,42.4171168066,-0.0087256380
806,-0.5735085463,-8.2304869868,4.8933648720,-10.2090406100
807,-5.7484564822,7.5351399519,-17.2642099808,0.0843241737
808,-2.2223823971,-26.3042292102,-41.8929040820,6.4284288809
809,24.9938252267,-14.4454094729,-15.1161052238,37.7266466136
810,-11.4454939452,28.4788775735,-7.1840382644,48.9989465635
811,20.1358979399,6.7632728901,33.3263466655,-5.5559167639
812,-4.4987424528,21.4718937563,15.9982124600,-24.1594213504
813,6.6472177030,-19.3832287346,1.3349869265,-36.1743322805
814,-13.3702129772,20.6203224413,-31.9857526422,12.9997930412
815,13.8001753609,6.5454836104,2.6959941194,-25.2625904838
816,20.4508164507,-20.5534540582,-5.6637253836,47.4105718274
817,-7.0065725826,-8.4327263366,17.6921810701,-2.3768465909
818,4.3790261185,8.5002138354,16.6376728636,-0.8653066200
819,1.9771748460,-7.9236039367,-7.0815628164,7.8672950830
820,-7.2083940225,-18.8246964993,19.0117356970,-17.8867310206
821,7.5611043352,9.9419592737,13.4174323964,-9.4463979473
822,6.0356756311,0.1698065347,11.0166830241,-0.0359690184
823,-3.0139114282,-23.0871164879,40.8027075613,-1.8167527804
824,4.9957420935,21.1457591893,30.5344187847,-9.2383716807
825,-14.9825628479,2.0924663442,-8.3836669761,19.3080303504
826,16.3710495564,-20.2392186261,-12.0369649359,35.6135315526
827,-10.0334785013,19.1368014275,-36.4749762432,3.0776285754
828,-22.8987316755,-7.0362588879,-0.7601302700,43.0901222506
829,-3.0986438238,24.5969000269,-44.0403637772,1.3400328269
830,0.9499730784,-14.3086585870,21.2021884341,-5.0474161318
831,19.3532305277,8.8775491668,35.6895702242,-3.2857451693
832,18.0765599412,0.8366822729,32.4997056922,-0.6247912919
833,-2.5462104139,12.6436710588,23.5569707670,-0.0518592541
834,-8.7432103459,-14.6524183242,1.0304212347,-30.2028568400
835,-25.3125529429,16.8434314264,-33.8006844276,21.8544193895
836,-14.0633331194,-15.1772835063,-1.1626660240,36.7125611856
837,8.8189759669,-6.3042247368,-13.9427679991,5.9008213749
838,-12.1546301849,-6.5163838155,0.3157349211,-24.9290751066
839,4.7450465235,-25.8383774141,-32.4551143407,15.6328643621
840,-0.9990479438,-1.7439081240,0.9638753190,-2.7150630937
841,-3.1647811241,18.6406903707,0.0951973092,-34.5147918603
842,-8.7490057365,16.4047050004,-8.5519452460,25.4804890885
843,-10.1415746783,8.4825053950,15.5770937856,-8.6245588169
844,-16.5335668837,-11.0053646055,34.4992506860,-1.8570409907
845,3.4838101567,5.4955680119,4.4281801525,-7.4824571413
846,-0.1728989263,0.0710518897,-0.0385229612,0.3036496354
847,0.0934453500,15.8114115484,11.1301567040,-17.8130753603
848,14.1240515415,5.7418536922,3.5663337238,-24.3424417922
849,6.4567438859,-16.2672649216,10.8482692507,-21.1887301138
850,8.8992567785,2.1238692091,12.4497602600,-4.2977874218
851,5.7643089502,-28.7016882283,-1.7239647807,51.8634492158
852,21.6203465926,13.2191363662,-20.9342921569,25.4529829908
853,-4.5418013008,-0.6051341602,6.2200279553,-2.1671896380
854,-24.7279854349,-10.6299558016,-34.7030175079,14.5665522678
855,13.4766157555,7.2389560788,2.0187220325,-25.9837791874
856,17.8175884130,-2.5881505669,32.9288264521,-0.0284904075
857,-23.5524430657,-4.6395947183,-0.0742199335,43.8669672881
858,-21.0311419576,-1.1144256887,-21.8479786957,16.7034538213
859,18.6986322836,-13.1972687796,-31.6498873726,10.2443554749
860,-10.9462433447,19.1845108321,6.4031306929,-34.0282844089
861,20.5592050216,-4.2250661288,16.7391328816,-21.6808862398
862,-26.4687178529,-13.8885764143,-51.0424474945,3.6733298102
863,-2.7848090319,-17.1734123505,-5.5479077338,26.2985813948
864,-10.0034262469,25.8160998206,-8.2183185841,42.4616202706
865,30.7040851276,-8.0923432275,-58.1222661654,0.0007217155
866,0.9419655405,-5.2727811780,1.3478222368,-8.4567904839
867,-25.4483752072,-15.6185738825,-49.2125276408,5.4442472913
868,21.8597049193,-18.9952428973,-7.9026082327,45.1080632500
869,-2.2979005867,9.6319051091,7.9453755343,-10.1805975604
870,24.1026484640,0.6243761642,1.0159182409,-43.1186860092
871,-20.4646256713,-4.6197542302,-16.0870251212,22.3160246720
872,-15.7398916342,18.7975610697,-27.3765235619,17.5020919634
873,-17.0947391091,9.0580605629,20.1905587858,-15.2227313976
874,-16.1610390399,-11.5736368177,34.0179040267,-2.3683913836
875,-32.9448841896,-3.0981038677,-36.0582053767,24.5133392713
876,-12.3704144487,-6.0567783249,0.1600406096,-25.0524574139
877,-16.1150106573,3.3920243946,27.5169649253,-2.6278873571
878,14.6094372405,4.1775081657,5.4817935389,-22.3325463323
879,5.9524804834,-9.9044488559,11.7037594801,-9.4485814177
880,-6.2579520923,-15.9583531500,0.0464366683,-31.3310104135
881,12.6209837490,-16.3419809409,0.3574298375,-37.4390814385
882,12.1654296779,9.4049615558,0.4505951471,-27.6968745128
883,25.4726591174,-3.1187361556,-1.0229462817,45.9528355806
884,-27.0759032322,1.9322617737,-14.7909911717,34.8973911106
885,-0.2680327763,0.3407211239,-0.4032326520,0.3903089341
886,-13.3445501757,-2.9104800594,0.4289362073,-24.5724447399
887,-4.1544433122,18.4714451834,0.3387694615,-34.3177803612
888,3.0050607478,0.9954625768,1.2761389045,-4.5185697814
889,2.2283848289,2.6020513727,0.0009335082,-6.2700506141
890,1.8152098804,2.9975399984,0.1102054878,-6.3044317657
891,-7.7324423115,-4.1978076221,-2.4137126311,13.6917666310
892,1.9685707580,-11.2078740694,17.5253410151,-3.3046837266
893,18.0800869955,0.4936483327,32.6243878706,-0.4834739006
894,-16.5648555390,0.0867516373,23.9260869415,-6.3962317487
895,-10.8890543939,-9.8870734575,-25.6473396726,1.2756252638
896,-0.7098594647,-11.2434719153,19.7939973934,-0.8281117193
897,-16.4545079036,-11.1295633235,34.3999271205,-1.9628672992
898,-4.6165852094,-16.8272411149,-8.0091422204,23.9312518770
899,5.7532558960,-1.3647789014,10.5064920568,-0.3170772916
900,-0.7995396829,-11.2336043818,19.8431664903,-0.7719197742
901,8.9497418390,-0.8598323516,7.6458097108,-8.8120897709
902,-1.8582771935,-29.3413611496,-8.5422346410,45.2746195025
903,8.8862654795,-1.2296913297,7.0310596036,-9.3902199893
904,12.8649640367,-16.1596486363,0.4584541691,-37.3509967571
905,19.5015825286,16.0766938789,-26.5728125976,19.6910265614
906,-7.2016285873,-2.7391920269,14.0883453943,-0.0155795372
907,-6.2511406262,-19.1894618378,17.3891059240,-19.5539239608
908,21.0855688007,7.6358581160,-1.7716202635,39.2783525018
909,-32.6263389160,-5.3226598765,-32.4477611284,28.0641502664
910,-1.2949093374,12.7852148247,23.4873818700,-0.0356327304
911,2.8655363313,5.9021083780,3.3515613063,-8.6582481508
912,0.2241295742,-2.2949716634,3.2808908332,-0.9400318597
913,-15.2645179931,-9.1834577518,-28.1643590132,4.4442422424
914,-10.6092739321,12.1869608507,27.5015124286,-2.0755152004
915,-16.8543925085,7.0339880474,-27.2584940502,6.1723750455
916,-13.9236154667,-5.2710467649,-19.8362371077,7.4160934835
917,-1.5489689508,12.7664913495,23.5294612274,-0.0109321111
918,-8.5339030356,16.5247715327,-8.2139407208,25.8301157879
919,12.8741738151,-19.8049255019,19.7916919152,-23.4475321836
920,-8.1510681965,26.4951210789,-10.6940764477,40.0483625001
921,-2.1545302224,6.5857623597,0.1744981837,-12.5094350729
922,7.5887900084,-18.6639910178,-19.6646841574,17.2158048762
923,20.5846574502,8.8283271416,-1.0230223804,39.9763090881
924,1.7482550573,6.4162036563,1.7883581557,-10.3846560783
925,-13.3637283349,13.7803045604,10.5744817025,-24.5637022884
926,3.0385940146,0.7332056331,1.6217416817,-4.1000283175
927,-8.5321624457,-31.3698147859,-1.9468551283,57.5615295790
928,-31.5422662584,10.6486970972,-54.8547556601,6.0848009900
929,22.2542366737,17.4785899392,-51.7250009492,0.0735794869
930,27.8601441057,6.0707891006,-45.7760878245,6.4184816034
931,-15.2349416961,16.1496321315,1.6141619934,-39.0259040894
932,24.3318171676,14.5652865520,-51.6317624938,0.2777268215
933,-2.5601769415,-1.1558066184,-4.2504368603,0.8913985344
934,22.5970851749,-0.5675895113,-10.7996404846,30.5772812734
935,11.0800601153,-13.7338250537,19.3539922296,-12.9471678143
936,-4.5365671891,-0.7299825944,6.0603830091,-2.3506052742
937,-12.3831078726,-23.5303046147,-48.6485283546,0.0239660153
938,-3.8396426785,1.9258499097,7.8623503990,-0.0006378167
939,4.3052353246,21.3130623680,29.5753531707,-10.2261174126
940,11.7919767488,11.1156657985,-28.6964121144,0.9671559672
941,-6.3749635653,17.8889722830,1.4448099430,-33.3180159368
942,8.6381616244,3.1836257420,13.9624385851,-2.8893938228
943,19.9467241536,7.3422287319,34.0149339173,-4.8924796347
944,4.0811174297,33.6998204134,-25.4070318385,36.7310549524
945,18.4691473808,10.6854525084,37.3333204674,-1.7248633151
946,-15.5927501597,15.8192005987,1.3232561798,-39.3360529134
947,-6.5147554805,26.9745109310,-13.0219813878,37.7744090366
948,14.6941870007,20.4115136729,-36.0373665829,10.0005746058
949,11.5468902898,3.9617105806,2.6974882958,-19.6485000765
950,-13.2301686758,-11.7951813500,-23.8170808712,8.6278443641
951,-9.6077754151,-6.7724320700,-4.4837673336,17.0333370230
952,0.8970779940,-17.3222585643,3.4297757918,-28.3210420068
953,5.3637533371,-9.6645178377,-19.5293978707,0.7034018683
954,19.1663665782,3.5486402314,-28.9832925261,6.6969429551
955,1.5414354856,-0.7952738257,-0.0035404446,3.1714515831
956,25.2842536588,3.5836974813,-6.3857613830,40.3595449959
957,-5.0547519969,8.6779856971,3.7148473520,-14.6684696122
958,27.6348377584,14.8922186284,-36.0626187580,21.4004527567
959,-1.4808440237,9.7503908069,9.2328041181,-8.8199170520
960,-0.8674411818,-29.3711731239,-7.4069832817,46.3802759747
961,-13.0945840557,7.9582780464,-1.3982057021,26.6509628574
962,11.1201649965,22.4706963646,-40.7735035944,5.1201491025
963,-7.8275287514,-31.5419945522,-2.3818888466,57.1069134480
964,9.5948703597,12.1660998734,0.2193237948,-28.1430607901
965,-3.5945376124,9.2960754220,5.9071475181,-12.3370972843
966,-15.4710720385,-8.8522040673,-28.6023797553,4.0254404316
967,14.4890575872,-10.3007157655,26.5072236380,-6.0343186628
968,-31.7063534522,10.1236899074,-54.3018298896,6.6232266781
969,8.3751972349,-14.8797777204,-0.7974305705,30.4580800785
970,14.8548207393,-9.7963776956,27.2904670852,-5.2818057270
971,19.7238944183,7.9610707245,34.7176042237,-4.2169505979
972,13.9117207496,-11.0277649219,25.2704092110,-7.2252822986
973,1.3608615269,-8.2506898104,2.3327901958,-12.9741224393
974,30.8656517793,-7.4069760552,-58.0887649368,0.0147601181
975,6.3923439581,17.5300510070,5.2280775634,-28.9274657939
976,17.8720413187,13.3124788369,-0.0925866775,40.7004587444
977,-21.4865493698,21.6484033584,-24.0695547288,31.7628309558
978,-0.1724137098,0.8332423455,1.5572837100,-0.0002730040
979,2.2277902218,-1.5596348828,4.6350243907,-0.3429524394
980,-14.8858940229,6.7924278871,29.6152700326,-0.3359707371
981,-6.3017663774,20.7625468329,-32.2693739482,7.4484093521
982,22.4972143469,21.7055561698,-22.3252215453,34.8980828367
983,10.0907753901,8.5386270455,-15.6900718716,8.5065589833
984,-6.7613555541,17.7575554272,1.7185576622,-33.0631172498
985,1.4972477948,18.8053911312,-0.0222604698,34.5098664122
986,20.9886023846,-1.6005258429,21.0580862248,-17.4730129824
987,-6.6849787922,23.7990496938,-41.2204036749,4.0296555559
988,3.9598238411,-13.8880451423,24.5766557127,-1.8585216783
989,-18.7091515159,-6.2804368315,36.1247494658,-0.0003691936
990,-19.4836783745,8.5687417057,-35.3716570572,3.5898424681
991,-32.2708187937,8.0178287039,-51.9184763463,8.9490637008
992,29.2482708174,-12.5401948601,-57.2305421819,1.0217512168
993,-17.6977637673,4.1811552757,-30.3657286264,2.9217757089
994,-3.4966728209,-26.1887667347,-43.2605670633,5.1032806302
995,-17.8706390766,-10.6968530907,-6.4941517061,31.6304018420
996,-16.2265467068,2.8958604859,27.0627183859,-3.1092114803
997,-18.4217483162,-9.7701216739,-7.8547666116,30.3151843474
998,-4.8386608332,15.2111244846,19.1761500446,-10.0425436570
999,1.1179755937,24.8478083966,-45.5051944611,0.0246356275
1000,5.1914605931,3.5955104996,8.2565337054,-3.3030103665
