id,pc1,pc2,t1,t2,t3,t4,y
1.0,-2.627393194366093,0.6449345392162467,6.55499658385967,10.6887318416127,15.416160435125,-7.53562784994093,22.95178828506593
2.0,-3.1573937816473703,0.3444115469620985,12.3422524206817,-8.13524963668272,23.7876608328669,-3.27097753012155,27.05863836298845
3.0,4.605185434126196,-0.0184545408027329,28.5426611508138,-14.1323830016352,-56.4083724929203,1.89223772512518,-58.30061021804548
4.0,3.051349779327928,-0.1627020623929038,20.2534997738816,9.52540247780812,-0.673842045557045,40.2954643855148,-40.96930643107184
5.0,-1.5397517091889097,0.7857568843685582,-3.58890993392453,6.05001008043706,1.19848901174359,-11.6779085368127,12.87639754855629
6.0,1.0083855180232448,0.2433728375134485,9.95006807315881,3.03062764167512,-0.679306177598613,18.3602792363164,-19.039585413915013
7.0,-4.51801529642973,0.0969133631539658,0.745153838887184,-23.3488839157628,37.7308725828324,-5.03073239765882,42.761604980491214
8.0,-2.7560074478535594,0.5368445089625674,-9.8082752792123,8.83954568194837,16.2961670571644,-7.87319188252374,24.169358939688138
9.0,4.067281786577444,-1.2840963116071311,-29.8625873767253,4.46355461599221,-50.6757061104837,4.59464059739842,-55.27034670788212
10.0,-4.26924988866753,-0.3493576455843862,-2.95524790059831,21.7039247726181,18.4432953209575,-21.6520681106423,40.0953634315998
11.0,2.066101630519513,-0.7650608702243326,-17.639259564264,-3.48577295264502,-32.7336587941518,0.17920735655519,-32.91286615070699
12.0,-4.382551412830789,-0.5004833339154581,19.6788610614921,8.07983840282649,34.8533684570858,-4.0866326552509,38.9400011123367
13.0,4.510758166403778,-0.9284699009706048,-28.8193461220227,-15.8582160607633,-14.9921887460564,45.2205001738777,-60.2126889199341
14.0,-4.076691401879476,-1.1183615758356489,14.634775606041,-10.1045223774385,26.823580675181,-5.73019243948644,32.553773114667436
15.0,3.6475338703305256,-0.7046933522739888,-23.5899175144265,-12.8682233508214,-38.1626417618495,11.0252364461438,-49.1878782079933
16.0,-1.290629238705315,0.4604685964006278,0.51703079982673,-2.30769783625959,3.72301401745708,-0.605921156779902,4.328935174236982
17.0,2.41427667470942,0.8024191161406308,-3.10903758311492,-17.1270271320316,-5.95969238199279,25.9034772077348,-31.86316958972759
18.0,2.051918555007062,0.0083068064629882,1.08768115305742,15.8102381559415,-13.0309988131865,15.9778531369159,-29.0088519501024
19.0,-4.468147850378128,0.1788095996473484,-17.9380855915146,13.22762023996,0.0761207879281643,-40.7213751252756,40.79749591320376
20.0,-2.661226059600496,0.6165820815943174,4.81378780353241,11.6600515444052,18.3364687215957,-4.7544903449162,23.0909590665119
21.0,-3.790387775555532,0.557068313978795,-14.5906056373992,12.5411178712073,13.2554184763643,-21.9625854236616,35.2180039000259
22.0,4.273113542570478,-0.2522134083552993,-26.0148325593099,-14.6917399848369,-50.2502877254225,4.43869178187024,-54.68897950729274
23.0,-4.192460089956798,-0.7592760016552335,16.097555362702,14.1490825376733,39.1712080350541,-0.0596852998496924,39.23089333490379
24.0,1.170131137123027,-0.7301667481191323,-9.00620248963678,8.54252254863861,-10.1269181583355,12.5952065398167,-22.7221246981522
25.0,4.00701964003771,0.009595056767205,5.93083075836432,27.3302955631928,-32.7326707623537,18.4594902247158,-51.1921609870695
26.0,-3.991269765081091,-0.309372811206245,16.5672221506591,7.73343882804511,26.3135840022572,-7.15376550260011,33.46734950485731
27.0,4.396716457145796,0.7322935705711594,17.9028933936841,-22.8799746598744,-2.71968981679064,50.4592654713423,-53.17895528813294
28.0,-3.3405033585642285,0.1936484487895982,-15.1030273258905,6.3338084518028,29.4477723357903,-0.530820011178976,29.978592346969275
29.0,4.147279959447353,-1.2824052831739676,-29.1495929219495,8.09630642801065,-46.9791109661089,8.39878341626264,-55.37789438237154
30.0,2.93270257261342,0.1302504355941118,-2.30382287383848,21.6663887281011,-26.6549621880228,13.2286728041075,-39.8836349921303
31.0,3.20674870881609,0.5031881137333485,15.752115232815,-16.7364932014911,-37.3771646990951,4.69377286701721,-42.070937566112306
32.0,-4.4796868226339095,-0.2017579790879884,-15.7612962282889,15.6587151952615,1.19114905982241,-39.4775682968715,40.66871735669391
33.0,3.728335324352965,0.2269202746475864,25.4917528585161,-2.92993257085839,-1.11008953857834,45.8594538454149,-46.96954338399324
34.0,1.9105616479289964,-1.1789801193125549,-18.0552345452587,-0.47169057656659,-32.8783035172152,0.18285812226951,-33.06116163948471
35.0,3.744029110263709,-0.6150458837566055,-11.1499498470067,-24.1122744019684,-48.4100581977703,0.217672700800203,-48.6277308985705
36.0,-3.3508583728983283,0.5323297258130495,-8.29337196217735,-14.9287936016473,0.748377423426593,-30.5121995294014,31.260576952827993
37.0,2.541940387724356,-0.5985800357893609,-18.377430182461,-9.84925375517859,-7.74282274880282,30.4235152114633,-38.16633796026612
38.0,2.35165385500883,0.6694903642246646,9.94399788920544,-13.8150711132027,-2.02623021910315,29.131837101405,-31.158067320508152
39.0,0.9023733627539232,-0.0540862561948494,8.5463968890261,5.68026883166888,-0.0799722079260026,18.7042885322196,-18.7842607401456
40.0,-4.206225019620074,0.0602561099578044,-7.00128185863974,-18.9085807654881,18.6507727619973,-18.2576146823391,36.9083874443364
41.0,-5.1871836741341895,-1.0854084963354318,19.8575339713605,-13.1521871617372,6.10589276386144,-37.4928389613659,43.59873172522734
42.0,-4.385597578637637,0.0751908432829431,-21.2559551299419,7.18104802674286,2.10697260599416,-38.9622163752171,41.06918898121126
43.0,5.035805726090442,0.2435401904839228,-26.6116598031736,20.2621600311356,-61.1467667597133,0.0784798047520215,-61.22524656446532
44.0,-5.029840439163673,-1.0735312603852474,22.9411365514416,-6.90701445264297,0.701670702262171,-43.1537971048941,43.85546780715627
45.0,1.4611843481579516,0.6072905769758215,5.80824379432969,-9.37722900756195,-19.1461964074338,1.04468223932743,-20.190878646761227
46.0,4.53466364500842,-0.5420080298660901,11.0189603093962,-30.2719895113039,-25.6957211770882,33.2735717578241,-58.9692929349123
47.0,3.1464613197482123,-1.222933659155642,-23.7801586003896,4.41521436671236,-3.64247147715815,40.6307438740125,-44.27321535117065
48.0,-4.086475678202605,0.2330009730184921,8.28916716570198,-18.7848027253072,0.493333061399786,-37.0909577005303,37.58429076193009
49.0,-4.390332741717708,-0.4586250254669474,20.8525052367513,3.64847943176049,29.1896883953257,-9.56041704009851,38.75010543542421
50.0,-3.7584892073196974,0.9649499139868104,-7.22255147141643,17.588615854701,2.08074682500782,-32.7237838432569,34.804530668264725
51.0,-4.295133415421339,0.072391173058957,-15.8101260605291,15.6114973543069,1.15471335069776,-39.5166863353415,40.67139968603926
52.0,2.81001473908185,0.0432999284395716,7.22944816327771,20.7780715508488,-11.7363216915804,28.5341243811897,-40.2704460727701
53.0,4.209306445523628,-0.799487705993601,-22.6058009993493,20.4387153479491,-26.6670862805094,29.1181592235374,-55.7852455040468
54.0,4.393909665034057,0.1783491317949394,28.0568728246785,-6.13729761005401,-28.8870305256766,23.6850910156974,-52.572121541374
55.0,3.2805408107571585,0.356887306177737,21.7211952911871,-6.71743868259075,-20.4850819853728,21.1332335055588,-41.6183154909316
56.0,-2.300850039160114,0.4478850529577954,-5.88212692369754,-9.32645841592694,19.0747967442994,-1.10895505581379,20.183751800113193
57.0,-3.201168184906535,-0.3372405071928532,14.6317145299532,-3.12088114731405,16.5013412343475,-10.8843071123139,27.385648346661398
58.0,3.510685111755227,0.4028747330869544,8.49704193418349,23.5306026030537,-43.1725594884931,2.62216734725234,-45.794726835745436
59.0,4.684296895812941,0.5141099166932586,30.0782156560412,9.30785099325676,-45.0743198146071,12.5594559104093,-57.6337757250164
60.0,-1.3359803062501443,0.1936771704471131,0.23619863969439,-5.28768780693432,0.659337651790536,-9.02936177741521,9.688699429205744
61.0,2.4891807105514725,0.6181000283393958,-9.97930843671493,-14.5091151037899,-17.1797341612461,15.0545786470463,-32.2343128082924
62.0,4.594755021150222,0.9321031007306014,-2.02232108847181,-29.3334864570259,-8.74811776756846,45.0739244217423,-53.82204218931076
63.0,-2.9614834821289846,0.0896178209593076,3.28376323538235,-14.0397633915578,23.9318363238364,-2.46136286855368,26.393199192390078
64.0,3.612740526184143,0.1401597678759953,21.3098229505653,-14.7109089567875,-3.50682076258973,43.8925408875388,-47.39936165012853
65.0,3.5909767840600058,0.8739250501356688,2.06156694742526,-23.211636527449,-40.1589611363658,2.49690679371491,-42.6558679300807
66.0,4.371283096974878,-0.5160848473824522,-19.0540379118684,23.8842283413969,-18.932627665154,36.9950699609807,-55.9276976261347
67.0,-2.3473945251551047,0.7380516549298666,-8.11263027072403,-7.26992637580104,15.6868899360717,-4.25338163168875,19.940271567760448
68.0,1.1956370423241176,-1.1773332448103833,-9.93172459746595,7.34838488563168,-7.7189844714816,14.8960904620907,-22.615074933572302
69.0,-0.526151764440233,1.0431322142424375,-0.122858585168277,0.815561010999674,1.50409353142225,-0.0056250005760168,1.5097185319982669
70.0,3.636177505320278,0.2096302234507296,25.5919915704022,0.459290240983897,-3.34595035710451,43.5074194747978,-46.85336983190231
71.0,-3.0817388805715717,0.2067426193800542,2.7261752129059,-14.1394191993803,23.3469233272916,-3.01179520099758,26.358718528289177
72.0,3.4255908997354814,0.563109883832854,17.5763686822367,-14.7208325906157,-34.2059043893414,7.76106162610167,-41.96696601544307
73.0,-2.9901094991271018,0.2545868859756206,-12.6909229131872,4.29776619121902,7.96239776027755,-16.5641103359722,24.52650809624975
74.0,-3.905262992928449,0.4079890842488669,11.1068114166347,-17.3565258931686,0.0151642850976639,-37.7039996203126,37.71916390541026
75.0,-3.4669621085631603,-0.3610589771364999,-9.66309025658948,12.9061690949105,26.3673101561294,-3.14526787000798,29.51257802613738
76.0,-1.421118674246557,0.7467173325149961,0.358635388211259,6.74271198902235,0.519470172565421,-11.8404275672523,12.359897739817722
77.0,-3.9659778157864594,0.32141933358962,15.2317310843314,-14.0598815773819,2.2292276320421,-35.7147077790284,37.9439354110705
78.0,-4.189599004368561,0.1816925048990846,18.8482154410095,-8.96881668183886,9.0802563430167,-29.1280737653454,38.2083301083621
79.0,-2.7371897377562093,0.9728023588315244,-6.72249200460571,11.1987591584772,21.1428895650018,-2.76611853048612,23.90900809548792
80.0,-4.5379031907190575,-0.1052200428065765,7.46067023716039,-22.2846428279263,29.0765768284876,-13.9405430709049,43.0171198993925
81.0,4.340641920387309,-0.9153252287233464,-23.6910616607024,19.1275963171714,-29.3754409055793,26.3607714089365,-55.7362123145158
82.0,-4.017420770463137,-0.0146095572093029,-8.83860213386825,-18.0691545773997,21.8278460344819,-14.9925059357223,36.8203519702042
83.0,-2.442157360468368,-0.4560838599990735,-4.88821346368745,8.76278038941119,3.95368902725627,-14.4134060752642,18.36709510252047
84.0,-3.365325193384168,-0.4262729541514199,-7.48077578287027,14.1968299858831,23.3264620310114,-6.04770404169482,29.374166072706217
85.0,-4.080481593541977,0.322698000343656,15.2824826053896,-14.0072033984006,2.28498246244839,-35.6620488308224,37.94703129327079
86.0,-3.281392282766492,0.2703872839212609,-15.3470923977844,5.76849324995999,29.1879462459552,-0.823610837819657,30.011557083774857
87.0,3.0171235235783618,-0.9214295452300147,-18.8075923965797,15.5922939013152,-20.2111468514653,24.5084272350439,-44.7195740865092
88.0,-4.231478147430681,-0.3654219190579979,21.0798131478852,-0.228151348226604,23.2820029248027,-15.3065961923198,38.5885991171225
89.0,4.013297385450917,0.1506205566914486,0.572378562941455,27.8679234854157,-24.0717047628388,26.9509455419196,-51.0226503047584
90.0,4.157980352480583,-1.3680466876333903,-26.889451880531,14.0838042723836,-38.5859301197681,16.9776243531499,-55.563554472918
91.0,2.971809414307726,-0.0934080905991845,8.48727110227262,20.3283090573578,-9.85177991704213,30.4719127405636,-40.32369265760573
92.0,-3.831718400477129,-0.8507803159883889,14.4678069377528,-10.3291956447801,26.4659131833177,-6.07404877288492,32.53996195620262
93.0,-2.663652159054396,-0.0398874921734004,3.23270616741978,-10.967103515416,15.9635245234738,-4.96558309551033,20.92910761898413
94.0,2.420212186381138,0.9821887888463284,7.00366310248645,-15.620523631218,-0.20132380474435,31.134362143678,-31.335685948422352
95.0,2.841319625917252,-0.3788756819447448,-20.6585814354823,4.73491658551931,-30.7101847132488,8.0856378415802,-38.795822554829
96.0,1.9844556329130296,0.5169301586080459,-6.42887826537529,14.2259885412045,-2.52402078592403,26.0520692186928,-28.57609000461683
97.0,2.36239983307754,0.3561293426967652,-10.9561721895618,-13.8276947567012,-19.1099379851501,13.1836658162568,-32.2936038014069
98.0,-2.524937458634899,0.2951874863643837,-10.5363194925363,-1.08981358650143,5.12436093296383,-14.2651377920734,19.389498725037228
99.0,-3.3796622924576725,0.7627875937744903,-12.9225684553163,-10.8967709290016,6.44802133491336,-24.4938487760011,30.94187011091446
100.0,-4.767359619229891,-0.4705423074084505,11.577061228807,-20.555418767954,22.1598002299638,-21.0239458288046,43.1837460587684
101.0,1.1622421241390222,0.433228582908745,-8.10027437845458,-8.39284918742974,-7.61293310649557,13.7383046164938,-21.351237722989367
102.0,3.4349238815112604,-0.6509182413062223,-12.9887375407154,20.8735207719591,-32.6687665376787,12.3333626324633,-45.002129170142
103.0,4.908359475663116,-0.4911359346453651,-33.1278722410254,-0.378602969887974,-40.3462602239821,20.29786317744,-60.6441234014221
104.0,-1.2427262194808877,0.7022702533770145,-3.75230478436954,-3.06832300072591,2.44155388747833,-6.43100670238136,8.87256058985969
105.0,1.3066362687768958,0.5358701338986664,-6.14659725796937,-9.79617553999033,-11.35533779763,9.81397477048455,-21.16931256811455
106.0,3.438971978317664,0.6139060638382855,-13.1412006862466,-19.6367469181926,-19.2827140703048,23.9684604522688,-43.2511745225736
107.0,4.874474278566308,-0.1935198646330319,-31.3992284311852,11.0841847115452,-55.3117452519278,5.64021676804882,-60.95196201997662
108.0,4.664718725153036,0.0538919695533185,-2.47247851196977,30.7385170986971,-0.567808913925039,55.880395692437,-56.44820460636204
109.0,4.361393709574046,0.563362545479303,19.9923133958828,-21.0149492904706,-5.02805780832811,48.0662061316069,-53.094263939935004
110.0,-2.846386695080651,0.2950844286539082,-12.4066641739919,4.98887133742886,9.08776688192881,-15.3897729100053,24.47753979193411
111.0,2.2000607577436204,0.2006927444067932,-12.8702518350285,-12.1667831751168,-23.0600278014942,9.35945467831255,-32.41948247980675
112.0,-1.5163439976455182,-0.5218027846448922,-0.964837641125202,3.76400906339108,3.869950589559,-3.2427782389397,7.1127288284987
113.0,2.354098952990457,-0.1161449536212363,-7.04588936551051,17.258290226848,-6.06204666651355,28.060382186232,-34.12242885274555
114.0,-1.0458687855237976,-1.0966026799455308,0.0497563148803864,0.0052110407135663,0.0007658385638857,-0.0908106250143597,0.0915764635782454
115.0,3.0987279270460477,-1.2917432666282236,-21.724287469967,10.937230509972,-11.7343046128606,32.7871185440202,-44.5214231568808
116.0,-3.178906249689507,0.1120769180982689,-3.06719390728625,-13.8690583228679,15.133558127343,-10.8670014176245,26.0005595449675
117.0,4.612510940951063,0.7175118542368044,9.86109022542183,-27.489823926237,-0.146110223419144,53.313267860985,-53.45937808440414
118.0,2.456527360069197,0.9220288328063974,-4.66464117207355,-16.8155713859572,-8.08347054943437,23.8595796375812,-31.94305018701557
119.0,-2.7661168359903874,0.2426871515444546,-13.4920564938251,-1.87423488229203,0.97006698942451,-23.9641286327981,24.93419562222261
120.0,0.7893899785129908,0.4390654130329988,4.341599391175,5.60965094462447,-2.14139928201815,10.8431559200355,-12.984555202053649
121.0,-2.2303745922078124,-0.6544530602379196,7.26784906080853,5.90456766684748,16.8165695882609,-0.3242203881192,17.140789976380102
122.0,-2.2476383446649386,-0.0091555781181988,-8.00604492057516,6.35465613191147,0.360639152084379,-18.3496326764971,18.71027182858148
123.0,4.130346960846731,-1.0241004802265643,-23.0676616497724,19.8988733183736,-27.7978626312294,27.9669228050408,-55.7647854362702
124.0,2.8704192841640226,-0.3751137186304775,-21.0874120042017,0.903827358828117,-25.0701234841411,13.5655645765774,-38.6356880607185
125.0,4.954282698607223,0.2989168093303628,-24.4978461251532,22.8427370967028,-61.149137098759,0.163597760339573,-61.31273485909857
126.0,-3.944315347598269,0.3850498241220385,12.1036749147135,-16.7107756162397,0.187922450654463,-37.5817851037745,37.76970755442896
127.0,-4.360137295746457,0.7214084132021865,-16.5787401057156,-15.8822233549914,36.0695692612717,-5.95595896117612,42.025528222447825
128.0,1.8185776436095429,-0.7404537690087639,-3.27263458671566,-14.0419744572433,-23.9206059588663,2.4719030288482,-26.3925089877145
129.0,-4.084170521243636,-0.981231069884757,18.080052850262,0.390344244024715,32.6572690624111,-0.445757955480876,33.10302701789198
130.0,-2.3003487575532446,0.1686513098815378,-8.69741616299828,5.46900760223571,0.0349516722406179,-18.7714806118214,18.806432284062016
131.0,1.6976535801383374,-0.0385899189422591,10.6366449868999,-8.93329226255196,-2.12641090040578,23.2997110842946,-25.42612198470038
132.0,-4.390463743356316,0.608230815073161,-20.8896072060596,-9.10976702260908,24.5875549116341,-17.1284347486106,41.7159896602447
133.0,-1.3818115725911324,-0.6626141442887561,3.04949289746066,0.502436491241399,1.94137976358801,-3.7159377305988,5.65731749418681
134.0,-3.053209195778308,0.5231617200528957,5.21380735909198,-13.5141691954505,25.5803679953526,-0.934330767556413,26.514698762909013
135.0,4.694004981196175,0.566556555102669,20.5381178215043,23.5139098560172,-18.2220081684394,38.9266932953381,-57.1487014637775
136.0,2.72060909150302,-0.5221254717052444,8.55462513058706,-18.2137057823386,-21.3318873413538,15.5023603303486,-36.8342476717024
137.0,-4.277178869891953,0.4879498296086865,-18.3274905017018,-13.7311147963906,32.56093758478,-9.35844708596983,41.91938467074983
138.0,1.8962922297222315,0.3794499372669372,-10.6246550916388,11.2185258326681,-0.0022106057384849,28.2809641917769,-28.283174797515382
139.0,2.4457368054960207,0.7310999256932602,-0.449210705467905,-17.3274414859687,-2.99704126157425,28.7312844961383,-31.72832575771255
140.0,3.461867836892822,0.6512242005988816,5.74508458110315,-22.5038760198135,-42.0669724608361,0.447279514975194,-42.51425197581129
141.0,3.219654958733309,0.0325786330265706,22.4024073798637,2.48211548442628,-6.78518680381733,34.4730787515331,-41.258265555350434
142.0,-4.036048955707987,-1.354661706039208,17.7870201431237,-2.76129827401723,32.9018708350398,-0.0470532587339377,32.94892409377374
143.0,4.119434537854308,0.1410797353529412,-2.97922447731548,27.6524765471739,-18.3990905360202,32.5113519037188,-50.910442439739
144.0,-3.799482649845809,0.4237235617749921,11.6086694127107,14.4068151538793,13.7275416701025,-20.1398218256782,33.8673634957807
145.0,-4.323105965026881,0.2721842091872111,10.6467842136524,-17.6279384650736,0.0002741740299977,-37.696140776398,37.696414950428
146.0,1.6751853995226256,0.4927473066476363,13.5035253386838,0.798579703138669,-3.2632978011554,21.4979259279516,-24.761223729106998
147.0,0.6462715623979848,-0.5106126920483469,0.673117536392763,-8.21717005682455,-5.04018632985781,10.0516238969062,-15.09181022676401
148.0,-3.4500547321554245,0.469139955787598,-14.650529580855,-8.2498607872372,10.9404667848342,-19.836680092864,30.7771468776982
149.0,-3.891377978010728,-0.0763786603024455,15.1627810561084,10.3548398081551,22.162035582789,-11.447864299246,33.609899882034995
150.0,-2.1851918881217784,0.3074170005576265,0.780293599989405,-8.29222815879508,3.03017079080893,-12.2157048497946,15.24587564060353
151.0,-4.51596799915294,-0.8809242765836375,18.3007518789164,10.9868439099358,37.5708827753018,-1.50170233884058,39.07258511414238
152.0,1.5176191960081162,-0.676529536003189,0.325865399734339,-14.2938758042528,-19.4379136509478,6.73364890736223,-26.17156255831003
153.0,1.562534307392012,-0.3320345682232958,8.52689708054785,-11.0966380001418,-5.54335918823178,20.0732258604809,-25.61658504871268
154.0,4.669645576151085,0.941147918711318,-5.48557211491747,-28.9446855897816,-13.2640216400738,40.661982771022,-53.926004411095796
155.0,-4.028137157150028,0.0752517551821473,-13.6473664725321,-14.5825184492506,30.1759252651682,-6.38347699580442,36.55940226097262
156.0,3.649691551895533,-0.2567874649222585,9.44021141526234,-24.4197495951571,-24.6618349524261,23.2620592445334,-47.9238941969595
157.0,1.8170671341413571,0.5957590676008205,9.36598020000347,9.27488650354949,-17.1860933517143,6.94200579334008,-24.12809914505438
158.0,-3.313645215231379,0.3557152493902047,11.8367078351751,-8.80899986632739,24.5720366873382,-2.43656810420478,27.008604791542982
159.0,1.9673993878740976,0.2174208900992654,-1.77500656691255,15.6602956149588,-8.53749875937018,20.3120276480021,-28.84952640737228
160.0,-2.415223509356956,-0.0429993519065259,-6.87010521050809,7.46697851602002,1.38193662064303,-17.1913462202937,18.573282840936727
161.0,3.422672155497103,0.4264561642363702,-12.2006548053974,-20.2084573483093,-21.0270317889179,22.1832477404979,-43.2102795294158
162.0,0.624827481759654,-0.6328688647690116,-8.59023284453499,-2.35967974943157,-5.18094368227087,11.1258346049868,-16.30677828725767
163.0,3.1485208527748187,0.3833537070703421,-8.96668803421236,19.688757255969,-35.4029911280445,4.19857137904753,-39.60156250709203
164.0,-3.896527742248265,0.2048558157929528,-19.5028427324397,1.32233951064039,31.6517258922507,-4.12995291675761,35.78167880900831
165.0,-4.357319224709911,-0.3675744467546677,-9.59737892362704,19.8575000893188,8.2481803598125,-32.1235154598552,40.3716958196677
166.0,4.014704455027844,-0.0405888490656409,7.03568287439893,27.0869648984799,-34.4816893346233,16.7459575722138,-51.227646906837094
167.0,1.2425065053829984,0.2764753226054647,10.5033146838289,-1.51278288549857,-5.7454159034384,13.6791667301443,-19.4245826335827
168.0,4.160528867131067,0.1346515306581663,28.170343675947,4.57738081058094,-44.1126241986407,8.12914511929369,-52.24176931793439
169.0,1.656606841124416,-0.3378800049370175,1.97395946734744,-14.1043918777591,-16.9216151996187,9.14792245196322,-26.069537651581918
170.0,-2.711080458869622,0.7487123627536705,4.52326642461246,11.7887178334403,18.7599352469627,-4.35310250996144,23.113037756924143
171.0,-3.1999725295197408,-0.5505251470498602,14.8169057097485,3.22790882542816,6.75823411497388,-21.0000780393613,27.75831215433518
172.0,4.697343621638989,0.1523179352258009,1.73462041950577,30.8544783545523,-0.0209802195490965,56.5469471214412,-56.567927340990295
173.0,0.9852415748849822,0.3020749004859541,0.352119089628482,9.8009320709559,-10.971591513785,6.98046897060648,-17.95206048439148
174.0,-3.471981321991392,-0.531016486786357,0.564160899540137,15.7874756806677,10.3932966588057,-18.5239292775778,28.9172259363835
175.0,-3.8611565511645023,0.7369724780355519,-12.2338981490585,14.7445213509051,8.44425618927751,-26.6261484912382,35.07040468051571
176.0,-3.700415544180715,0.8335088715376061,7.09479826205658,17.2367558508632,6.1273391095356,-27.9925746618089,34.1199137713445
177.0,-1.023285651037818,-1.137681124824276,-0.154491324367191,0.0550075304731939,-0.0262472987563363,0.273938164529095,-0.3001854632854313
178.0,2.307813899515638,0.2721107543972534,16.51797710627,0.890166642162479,-24.9095178077744,5.37031051183362,-30.27982831960802
179.0,-2.4024239816372885,-0.87973124154441,4.03266830705228,8.69183476695162,16.3752439626341,-1.16407687182171,17.53932083445581
180.0,-4.139986643979143,-1.3690628196890968,18.0450711847858,-0.648094210139195,32.9094392432104,-0.143138806464695,33.0525780496751
181.0,-3.6940154134266936,1.0937502713655491,-5.57602966393668,18.1320152115112,0.958207152247197,-33.7662019778385,34.7244091300857
182.0,-3.579218047757281,0.7600965292258396,-10.6310744708952,15.8797323160455,5.88903189923208,-29.0912792054052,34.98031110463728
183.0,-0.8235401419671453,0.4208443686804745,-1.22022812289995,0.501425163450096,1.06611426761662,-1.34873120084419,2.4148454684608103
184.0,-0.0843525369076184,0.2684038334489586,-2.54180779332032,2.18660253102435,-0.129407554860141,6.0080563129085,-6.137463867768641
185.0,-3.2236776143498327,0.1508603060343946,11.298648172894,-9.44704753867412,25.2383421585595,-1.72059465377894,26.95893681233844
186.0,-1.3204001095067248,-0.1303825716754892,-2.22572548377299,3.37730750173413,6.00250131325955,-1.40137687124886,7.40387818450841
187.0,-4.76553476533203,-0.6186724884534635,15.9470210006353,-17.531440340289,13.8689132629862,-29.5124439054869,43.3813571684731
188.0,-2.9496781026045897,0.5194144921243457,-10.7096493137482,7.80748667045195,14.2325207360801,-10.0277222051778,24.2602429412579
189.0,4.707271145877147,0.7585967604319593,-2.09785630883396,-29.3294175126683,-8.83832455673198,44.9859750227288,-53.824299579460785
190.0,-4.273802343611888,-0.5734798905956877,20.0578236363695,7.00975969144743,33.6286763689081,-5.26447209352818,38.89314846243629
191.0,-3.218046098010422,-0.1164343908345682,-6.49489007215758,-12.4909729682312,9.1423371940751,-16.6284338654183,25.770771059493402
192.0,3.716677598417396,0.0280236058146112,17.7679074514149,-18.9775434790102,-9.50645483759882,38.0807937044288,-47.58724854202762
193.0,2.865802379849482,0.3782278788784129,12.5003802597502,14.5305627372741,-8.92180682467547,26.1642434388258,-35.08605026350127
194.0,4.642567632489039,-0.7310891826625138,-27.6994003405455,-17.6840878080965,-12.1083933996793,48.0471187660923,-60.1555121657716
195.0,-4.885527391812929,-0.9326636141221368,20.7989942924383,-11.6782094138262,4.29893380619081,-39.3641936054573,43.66312741164811
196.0,4.2457260869514135,0.1625506443268795,28.5470158407231,1.57750736475171,-40.3757013444079,11.9589843958337,-52.334685740241596
197.0,-4.312792381864796,0.4603746826915901,-12.9652637643097,-19.0690534866789,40.5120278692185,-1.69756098227723,42.20958885149573
198.0,-2.0926223732655527,0.4050123270736604,3.20906282606709,-7.83872997938364,0.632784413506382,-14.8717569167785,15.504541330284882
199.0,-3.778556697704692,-0.5209858324169547,16.7122181717769,7.39080977163053,26.7830684257274,-6.666424238519,33.4494926642464
200.0,-2.880113096651152,-0.9644607310645554,11.8457220957903,2.73878017583872,1.51882319762679,-20.7366293007403,22.25545249836709
201.0,2.693035009167187,-0.1749148470799508,7.33948972302268,-18.7705648656735,-19.2290184687648,17.6634711408011,-36.8924896095659
202.0,4.557795491322928,-0.6197476556452002,-29.2803660660822,-15.020475817702,-16.3462882623861,43.8919041577966,-60.2381924201827
203.0,4.531392305997302,-0.1074228460516181,-32.5374110052878,6.76791508783665,-50.4034642928015,10.430662640935,-60.8341269337365
204.0,1.879224313808005,0.1902516692943536,13.3952609775888,-2.6133805216392,-0.562250535466466,24.4199018943218,-24.982152429788265
205.0,4.287456432796221,-0.1032568335507449,-23.325302087061,-18.548225951259,-45.1821510032894,9.36842250509834,-54.55057350838774
206.0,-2.649459710434324,-0.4429613479869405,-3.89501970540888,9.19094155688841,5.44149606501205,-12.8308230766336,18.27231914164565
207.0,4.823124740487924,-0.6880813307450475,-8.04815201232512,-31.490205282542,-2.23428929596235,57.2609484603193,-59.49523775628165
208.0,2.655448405265556,0.2185295004458897,0.368109162289341,18.8327694068401,-0.208179947681391,34.2715578934534,-34.47973784113479
209.0,4.708975441448441,-0.3702575579854103,11.2481138448542,-30.1836930281792,-26.0842926947464,32.8783107573447,-58.9626034520911
210.0,-1.3083446106437142,0.6998243509376664,-3.93913088146184,-2.76339430023762,2.94774224941303,-5.86013787805413,8.80788012746716
211.0,-2.4251383039536307,0.1392013256939077,-10.3253681697216,1.70244026296904,1.73933184570981,-17.4163116044275,19.15564345013731
212.0,4.475816459585266,0.5511889923359397,-15.0301811101547,-25.5293393251742,-29.071525282767,25.1570715626962,-54.2285968454632
213.0,-3.658376747903445,0.8138699475694243,-3.36505849297952,18.6109833045599,0.133110314521149,-34.4864562968517,34.619566611372846
214.0,-3.8854101471214655,0.2943987359974074,10.4986599905752,-17.7119487500818,0.003733000432619,-37.6854264394085,37.68915943984112
215.0,1.5363263113919228,0.0757523006833911,1.85445474923092,12.7373826195408,-23.5614299119821,6.10164099357592e-06,-23.561436013623094
216.0,-4.150809650869537,0.486041113958532,4.65007048089272,-19.9072875408559,2.8210252001489,-34.599948853356,37.4209740535049
217.0,3.501123135041872,-0.7267522254011183,-26.45293137049,-5.4725239541724,-26.3534476126845,23.0936502844743,-49.4470978971588
218.0,-2.591076889989384,0.521182190596294,8.37094705531086,9.21409523291839,11.6398877405271,-11.1474645861143,22.7873523266414
219.0,-2.3136850144331453,-0.7988734114955865,6.99780726079994,6.25626852121133,17.0226896141836,-0.159555857929724,17.182245472113326
220.0,5.04254571056522,0.4288558277068593,-25.4749563371136,21.7147599439315,-61.2639474160249,0.0096761925068407,-61.273623608531736
221.0,-1.5526896521019014,0.63507551792019,-3.91267971857563,-2.80980556906901,2.8706309803607,-5.94693875017256,8.81756973053326
222.0,-1.635907348453842,0.3286805185902968,-3.661461929639,2.17952898639298,7.77696508164949,-0.0228567404903349,7.799821822139825
223.0,4.50802537513202,0.3637675830527121,28.4469132819159,13.339244389921,-38.7937469071036,18.7186018610474,-57.512348768151
224.0,3.992676925289781,0.0802962684750577,25.0568220535784,13.3314883106484,-51.2369838208931,0.717046954307312,-51.954030775200415
225.0,-0.2288032206443944,-0.165718160048568,0.904703897172727,-1.82709559324979,-1.1566986857097,2.57532751760633,-3.73202620331603
226.0,3.3208247610352637,0.6168461829064408,12.9889787220809,-19.052175547587,-40.4925481465142,1.71593315087552,-42.208481297389724
227.0,2.630917797102445,-0.917959559126662,-18.6038173837398,-9.4385018774128,-8.36146292318048,29.8246054661768,-38.186068389357274
228.0,2.596346154158274,-0.7091405239765076,-19.9965123803083,-6.22030779407998,-13.46319473589,24.8702398472219,-38.333434583111895
229.0,4.735135386339176,0.6241798705244949,17.5222099048394,25.7696992872256,-12.8251945516556,44.2174917117647,-57.0426862634203
230.0,4.004184624503597,-0.0369943716058175,21.7443392554303,18.0883830083516,-51.5749434672005,0.199258345802289,-51.77420181300279
231.0,-1.954418279212241,-1.2138356664557803,5.38177657845919,-2.25348079994644,9.65145519210945,-1.02857320294734,10.680028395056791
232.0,-3.04252206322615,-1.2486559274633555,10.3906538162968,-5.61695594059202,2.82739027274245,-18.7937524055731,21.621142678315547
233.0,2.5122304943255704,-0.777157654364061,-1.27677424862497,-20.3231700529754,-6.32182843026165,30.9528256305215,-37.27465406078315
234.0,2.9472835285079624,0.4582024010665193,-11.5582646703843,18.2096797809381,-37.7588227425242,1.7214460422629,-39.4802687847871
235.0,3.115829386765422,-1.1533001983815996,-19.7635861776631,14.3077061800859,-17.6462712254142,27.0157459455596,-44.6620171709738
236.0,-4.313183375969525,0.3045943483930142,-21.6441228673652,6.00827847726317,3.0700801084084,-38.0473953413303,41.1174754497387
237.0,2.6331766282618263,-0.3154363522723313,-21.0501023263041,-0.844139597854409,-22.2929363830386,16.2699871422409,-38.5629235252795
238.0,-2.213305850539644,-0.0645791210634973,-4.27874464554725,-6.77600016256272,10.8935240493409,-3.77573479000283,14.66925883934373
239.0,4.096525388008433,-0.6980480774204083,-28.8938196913545,-8.04532184832326,-54.5848647633591,0.316952589008407,-54.90181735236751
240.0,2.609106382698573,-0.8570410149213159,-7.37949006594325,-19.1360236099998,-0.912192902725716,36.6304040050916,-37.54259690781731
241.0,3.918988229379721,0.0238954245944463,15.1068955190665,23.7360233431372,-45.9594356164556,5.54260092107392,-51.50203653752952
242.0,2.090979939213772,-0.1526449139367297,6.60208126316576,14.594518584126,-21.9873991438291,7.33398888148822,-29.321388025317322
243.0,-4.078726221226117,0.3606394240589146,16.1213753691618,-13.0788711105076,3.33674931945319,-34.6632064465079,37.99995576596109
244.0,-2.5958752177297115,0.7353740195578021,4.06760735045933,11.9732809833895,19.3879581030805,-3.75920056446119,23.14715866754169
245.0,0.4742837305180644,0.35560481249909,1.74344545999296,6.67629365656985,-0.0521919211117574,12.5785048398596,-12.630696760971357
246.0,4.476662523250514,0.8833806713165542,8.8220845719016,-27.8596436143425,-0.389455728637379,53.103049494593,-53.49250522323038
247.0,0.9506885799220464,0.016215374430557,10.4482704951755,1.00960209757626,-2.4476037118596,16.7669076485676,-19.2145113604272
248.0,4.590596812792736,-0.6511316139627613,-26.2729318428209,-19.681539200452,-9.09786947778014,50.9920529248317,-60.08992240261183
249.0,-1.743722091217977,0.5239075648201659,-5.42259094829993,4.7176439494229,4.07642909574966,-9.08026517187082,13.15669426762048
250.0,3.153846778830304,-0.0031879815621697,19.4339999746818,11.0279680216854,-0.154193730877871,40.7479482719853,-40.90214200286317
251.0,-4.70393486850532,-0.6459609157472642,13.0892756776818,-19.6698955369965,19.3800737754147,-23.8688131099337,43.2488868853484
252.0,0.690322670496702,-0.3306432624370423,2.62535115250707,-7.6903832167922,-8.14632329594826,6.72851127127481,-14.87483456722307
253.0,-1.7056238353881112,-0.7870786363400649,3.44879601725172,-4.39968317989817,5.34962796972866,-4.88333967619132,10.232967645919981
254.0,1.8889522697371908,0.1868444724713717,-1.33838150712656,15.7170685368039,-9.19726589450294,19.6767564747337,-28.87402236923664
255.0,3.528615521422517,0.7060490917641671,7.77260767870914,-21.8396649018288,-42.4129254268202,0.0206224595730387,-42.43354788639324
256.0,-3.3625107707116486,-0.6535477026924853,9.64194443947012,12.1265937276112,0.203071143408338,-28.1559850699625,28.359056213370838
257.0,2.869583301798845,0.1499002222439016,-3.15093782714539,21.5404399065807,-27.9095917518727,11.9395399102525,-39.8491316621252
258.0,3.788831107554253,0.5463930243567828,25.5456460697254,1.32337836323676,-4.09434894850668,42.7293467651123,-46.823695713618974
259.0,-4.079181842800796,0.1466488028134412,-15.851244737351,-12.0163245083575,33.5905079922399,-2.81982144489041,36.41032943713031
260.0,2.757275161147684,-0.7227112502402792,-20.8618443455365,-2.62420001422469,-19.3893620145376,19.0989211355005,-38.4882831500381
261.0,-3.374856863629048,-0.6537395822801504,14.4564181381676,4.73940063156638,4.76053448528359,-23.087552055734,27.84808654101759
262.0,4.604719935602337,-0.1393502639384926,-1.81996231876951,30.7942397144821,-0.377278450280404,56.08955808471,-56.46683653499041
263.0,-3.9213518081396734,0.0165219089178022,-19.2163215206569,-4.26941890934472,35.7062537921278,-0.3266982736297,36.0329520657575
264.0,2.768747431252944,-1.1428325036874047,-24.0394208247104,2.23373193192491,-1.94076904284877,42.2526529169698,-44.19342195981857
265.0,-4.916671391827796,-1.202716008302265,22.5097369079581,-8.12848847498006,1.31751177607371,-42.4904835820988,43.807995358172505
266.0,-3.424109703095106,-0.0209614619830057,-11.4374997190859,11.4596721122344,28.3712822538608,-1.2656924330676,29.6369746869284
267.0,-1.336011281556207,-0.8261167665022408,2.90395896634903,1.41282675639653,0.780191472519109,-5.13119486099773,5.911386333516839
268.0,4.826859387975339,0.2761287536258394,-23.5212312661048,23.8757158190615,-60.8662646273788,0.483702919916534,-61.34996754729533
269.0,4.457365105495651,0.6874749299826582,-7.02281747892305,-28.6368571936591,-15.5021688529027,38.4705168524673,-53.97268570537
270.0,2.021354577973287,-1.2066947088937756,-17.6174684631461,4.54798741437901,-30.0285958046691,3.27719668089728,-33.30579248556638
271.0,4.980635166847035,0.2315242353244584,-26.249376315816,20.7432696246776,-61.2165229051848,0.0245220452459983,-61.241044950430805
272.0,4.623800800957946,-0.6229710300817224,-12.4542478713216,-30.0953845455403,-0.293962084190437,59.3260222965949,-59.61998438078534
273.0,1.8181744137255704,0.3371530548941531,7.14373352854433,10.9561399653186,-20.6529313082132,3.28869572910506,-23.941627037318263
274.0,-1.3070074598353625,-0.0534443068019567,-3.48499672296234,2.39681029437279,7.64617141948029,-0.0961428849033483,7.742314304383639
275.0,1.4737996195173184,-0.0294304182718846,-1.35906678080465,12.6785275543314,-22.2182943926631,1.12255044783073,-23.34084484049383
276.0,4.538189657087834,-0.0196472390478837,28.9146328561564,-13.3228211342392,-56.8586659008939,1.41739265483156,-58.276058555725456
277.0,2.7285623294504235,-0.7484798773654887,-5.01240273673877,-19.8281263942474,-2.51575502312951,34.9211325451533,-37.436887568282806
278.0,-2.280408000258155,-0.6395033334551221,8.04205876836888,4.64707095778544,15.7313358030756,-1.27053309780639,17.00186890088199
279.0,-4.2915801292006295,0.3882518008299708,17.7535129214504,-10.8809287621225,6.23706430181035,-31.8785003640991,38.11556466590945
280.0,2.579041114499839,-0.6771331404814044,-7.02251417389835,-19.2604820373895,-1.10803322156284,36.418388078217,-37.52642129977984
281.0,-4.305508540928776,0.3339586147679648,5.39670789695157,-19.7365909691694,2.20849451960009,-35.2453365400581,37.453831059658185
282.0,-3.1387504577841856,0.1088442590572996,10.8239630731425,-9.95401148689566,25.7035048395465,-1.21403471755352,26.91753955710002
283.0,-1.2811804915554204,-0.0243805839614514,2.83814700350219,-0.63097383941564,3.57724277031827,-1.74479015095753,5.322032921275801
284.0,1.8710524821591497,-0.1369619340016751,6.40784843297464,14.6739835315437,-21.6850536903208,7.62483975920071,-29.30989344952151
285.0,3.784307849906025,0.51970181854271,8.75836302908008,23.4402460290707,-42.9715196103622,2.83290368496887,-45.80442329533107
286.0,4.099770896486765,-1.0673476287471135,-25.4622641834921,16.6087634941156,-34.2157890186394,21.4315772958059,-55.6473663144453
287.0,1.623356106797619,0.4338423483979781,12.9995775600987,3.385856599574,-6.57124155471456,18.0182145980946,-24.58945615280916
288.0,-4.276503683687663,0.0807201420185878,-16.0420798997066,15.38319239608,0.987775131249565,-39.6964744821282,40.684249613377766
289.0,2.1770969561976004,0.3137775916677252,-11.1430324750549,-13.6857803275992,-19.4864610517595,12.8188083475855,-32.305269399345
290.0,-3.880286517825215,-0.4077471401078467,9.34587700046665,-14.9010596055512,15.9651710983152,-16.2320097336727,32.1971808319879
291.0,1.0777765322243988,0.2071247100007162,10.553048647478,-0.337383865368687,-4.08242251372754,15.2446729944234,-19.32709550815094
292.0,-3.691435617025031,0.6792967658268632,-9.74906022983167,16.4059999953134,4.70082283130543,-30.2322986191152,34.93312145042063
293.0,2.282699986339609,0.3560050404702182,15.2574615302918,-6.96763946878642,-13.1335355311781,17.5694861999579,-30.703021731136
294.0,-3.5982533527746936,0.1120536235393878,1.99446857669447,-17.261143499845,4.61101097353499,-27.1955228112928,31.806533784827792
295.0,-4.298676513330146,0.4918173490776333,14.2766287985987,-14.9862630571515,1.32974675552006,-36.5578210424084,37.88756779792846
296.0,1.429951428792929,-0.7013467976331865,-14.9666951727578,-1.27456234757677,-13.5668801527397,13.9286341748739,-27.4955143276136
297.0,-2.607463136860503,1.1038949100735396,0.0659412154975297,12.799718150611,23.0247264332005,-0.405311401995036,23.430037835195535
298.0,3.215163445142152,0.3214658106511675,19.8318729052449,-11.3323033385964,-28.4489913319574,13.3616996648443,-41.8106909968017
299.0,-2.612461729293566,-0.7188685881716457,2.93541086827048,9.18401840342998,15.3376317145186,-2.3114246686729,17.6490563831915
300.0,-4.691438505244547,0.0187364275509459,2.04031527498985,-23.2981858504936,36.3561313043269,-6.454133944874,42.8102652492009
301.0,1.4501517649496776,0.4045218393985342,9.50542660040083,9.14202024717147,-16.9135374107466,7.22737361644278,-24.14091102718938
302.0,-2.450895373793164,0.7409038928935963,0.856597556366244,12.7414130049844,22.5737044532431,-0.801943744826441,23.37564819806954
303.0,-1.5022067915806732,0.0592945773522194,1.3864178406817,-5.214988834906,1.89033565352647,-7.98722151916911,9.87755717269558
304.0,-2.6156118167736597,0.8004093204061971,-4.19678253269045,12.2621509277246,23.1067332002574,-0.61721596856433,23.72394916882173
305.0,-2.9940029409051463,0.0775351628213699,2.64856873404392,-14.1515024729543,23.2619967523666,-3.09193735720085,26.353934109567447
306.0,-4.315974450487089,-0.1091076364231177,-18.7140254354375,12.1572062957036,0.0031708171685586,-40.8463441229316,40.84951494010016
307.0,-2.1915976110970687,0.4643733095103923,5.21498409421769,-6.83387140627642,0.0119978591229828,-15.7235817228161,15.735579581939083
308.0,-3.053424517102334,0.457551541263641,9.77328828855459,-10.9248287635079,26.3913787760996,-0.440664729474917,26.832043505574518
309.0,2.5871183716295905,0.3388989771377142,19.5199608932273,1.12650684639204,-31.8591473449911,3.93135311488615,-35.79050045987725
310.0,-2.439119146355192,-0.8648906998509565,3.4981178609335,8.95226828304133,15.9061521259833,-1.68748574240353,17.593637868386832
311.0,-4.033278677746817,-1.2106473944088698,15.6444875366908,-8.5613357245038,28.9716011144071,-3.67305536922892,32.64465648363602
312.0,1.014145748254683,0.0155505574297765,-0.816733341512481,9.71556158428877,-12.6792733252917,5.1676712685405,-17.846944593832198
313.0,-2.8469738920184167,0.1482488476320652,9.01552615537589,8.5318879480109,10.1039076635428,-12.6172178760736,22.721125539616402
314.0,-2.614124041702988,0.7233275688942046,-7.04252279918965,11.0163496544879,20.7751646080976,-3.15856469848025,23.933729306577852
315.0,4.206445550520137,-1.2746270704269809,-26.4352907384203,14.9502335473865,-37.1410534425277,18.4507736673616,-55.591827109889294
316.0,-4.105014503729018,-1.2038086400489223,18.0472804562971,-0.612186085810812,32.9034920630717,-0.150833812604933,33.05432587567663
317.0,4.7848700570044524,-0.8465421316739188,-30.9226638969079,-11.4252015698799,-22.2928251030213,38.0507337698257,-60.343558872847
318.0,-1.877012362267472,0.0298677783388925,5.39629230858923,3.21684288271533,8.81573422862654,-2.68404885399662,11.49978308262316
319.0,2.4458678490221666,0.1459143259201913,-3.05005594009344,18.4988980037423,-1.91283763695821,32.4063453481742,-34.31918298513241
320.0,-3.586523023523974,0.5559121136762897,-15.2719588128576,11.7446791626377,14.9230304058845,-20.3427402742394,35.2657706801239
321.0,-2.8962948663544297,-0.6290746698243996,7.06678628915598,-9.21146671523072,9.64775139992664,-11.6040918150446,21.251843214971238
322.0,-3.451453367877204,-0.7182506780167686,4.82221273255151,14.9039478859688,4.34057214624397,-24.3333854418918,28.67395758813577
323.0,3.979397364580562,0.1970766118074703,-3.68331572514451,27.5551622971255,-17.3017596287912,33.5862528341393,-50.888012462930504
324.0,1.5660893705344474,0.5873915839928359,6.99461965872081,11.044418604138,-20.8320155473269,3.09798946744789,-23.93000501477479
325.0,3.795008036739813,-0.2255253630518881,16.1989920592366,-20.3827897961321,-12.3636740973883,35.2946288921578,-47.6583029895461
326.0,-2.23886183931272,0.6080807441655727,-6.06554152499021,-9.19652792604367,18.8878644956881,-1.27800653156494,20.16587102725304
327.0,4.69415026301376,0.1777822238122182,25.7428630408315,-18.8948664914033,-52.1947352065217,6.25807123683126,-58.452806443352955
328.0,3.4763696580230827,0.7426635077157377,-7.2084955374271,-22.3618352769749,-29.4648589811774,13.5424134177406,-43.007272398918
329.0,-4.377732397545976,0.5856119085226088,-19.4886229841393,-11.9410132863267,29.5029765796898,-12.3345502022108,41.8375267819006
330.0,3.696872879295495,0.1780696383150459,25.5390312331862,-2.37428433563874,-1.39790867494034,45.5525614125913,-46.95047008753164
331.0,-2.2372059134375726,0.2293054110689802,-3.83021809392039,-10.4477676486456,20.3158779709314,-0.0532988274881671,20.369176798419566
332.0,-2.3232828517399504,-0.6722740349202797,8.97104207491047,1.67029251490665,11.7607552283067,-4.94283118445807,16.70358641276477
333.0,-3.730524215674926,0.7785146072289459,-6.15117881906255,17.9610758623497,1.29988477391679,-33.4522631431257,34.752147917042485
334.0,4.329985878283837,0.6433665910514343,-18.1517544395656,-23.4892500045674,-35.0186337330343,19.3203756556956,-54.3390093887299
335.0,-0.9974264581710146,-1.4351514678843382,-0.074230553006038,0.0117322044219364,-0.0025869046275679,0.134977866206619,-0.1375647708341869
336.0,-3.1376354015896677,-0.4726340481794474,11.3930925260039,4.43924841175441,3.25046645083981,-19.1316520675484,22.38211851838821
337.0,5.006876469955434,0.3459749384853188,-23.0473318212388,24.3466460604602,-60.6753301208967,0.692127112677067,-61.367457233573774
338.0,-4.124787902794536,-0.1787293775787493,20.6451811541863,-3.83418332967272,17.3931705210118,-21.0437795228367,38.4369500438485
339.0,3.3240051088846245,0.5567903253140116,16.7791411803371,-15.6612283035848,-35.7217325950299,6.29239306505716,-42.01412566008706
340.0,4.44104333885184,1.0333862739977728,8.05596352300416,-28.1044744818819,-0.639994339184367,52.8766561633728,-53.51665050255717
341.0,-3.4036951109430844,-0.3686841835264057,7.5478410427631,-15.8264884332311,12.6959458486654,-19.4001643432895,32.0961101919549
342.0,0.7094447766643358,-0.105365315859719,5.75227698949952,-5.40377301262315,-13.1048462677426,1.342034212017,-14.4468804797596
343.0,2.030484598019432,-0.2112031557397262,10.5596868499606,12.2276490981061,-27.4479024956993,2.12580002985912,-29.57370252555842
344.0,-0.553488344358839,-0.1544767389319261,-0.166425942101211,0.6009311337164,-0.943572041820551,0.197830366549844,-1.141402408370395
345.0,3.402434149885197,1.0345689203938466,-2.49481360179502,-23.2633026135479,-35.8379811481884,6.98938203122296,-42.82736317941136
346.0,-3.142801902620233,0.3809081425081499,-16.5329692432944,0.695629400553051,24.6765685723794,-5.61360488011181,30.29017345249121
347.0,-1.2999168291136518,0.6181870554743105,-2.81161833217426,-4.11548471061021,0.803133507934599,-8.32041321760017,9.123546725534768
348.0,-3.369049144401549,-0.1170591854799823,14.4904810590543,-3.65067577529497,17.3367212528385,-10.0167605986465,27.353481851485
349.0,3.001657575100108,-0.1867366409375715,13.313864703453,17.7001965249754,-3.49846631591651,37.0440867782149,-40.54255309413141
350.0,-3.53721519180561,-0.915871738754062,12.6790990639894,8.64989866756636,0.889291497947671,-27.2061787443668,28.09547024231447
351.0,-3.5461912190937297,0.5609104900035342,-12.7406256825415,14.330830344897,9.36596489748994,-25.7343825347916,35.10034743228154
352.0,-3.6287288454427657,0.7857913062022118,8.51091950021634,16.5375900421765,8.17287743706558,-25.8726015830134,34.04547902007898
353.0,3.805118546319442,0.3714062800293626,5.76770634162083,24.2879737954136,-44.7783140192789,0.916911329318411,-45.69522534859731
354.0,4.683050425359822,0.4507047161186465,22.5300240525462,21.6729668794572,-22.4153592434623,34.8095479639768,-57.2249072074391
355.0,-2.8509702883064767,-0.6486055743724647,7.53041249978103,-8.86772065937777,8.74893850939837,-12.5464542067434,21.29539271614177
356.0,-2.5915260252300056,0.4238800921016571,-4.16115884833259,-10.3036585499377,20.2119868634766,-0.128728622453057,20.340715485929657
357.0,4.77338528339239,-0.5378046569032833,6.12321898175597,-31.7050922103988,-17.8625263371675,41.2456960475042,-59.10822238467169
358.0,4.576237044407328,-0.4157074805533782,-32.9485064639908,4.02826113661478,-46.7878530265611,13.9730622077275,-60.7609152342886
359.0,-3.2171442202903138,0.3403101960681372,-10.37444125166,-13.4753344884827,2.47987502659486,-28.6499177019297,31.12979272852456
360.0,-4.123983767107399,0.0441198003430688,17.866350227511,-10.7040407603806,6.48984147454004,-31.6345625732568,38.124404047796844
361.0,-3.5052047390038843,0.5339322210595053,7.86105824080542,16.8770321188269,7.19680369861221,-26.8832425523259,34.08004625093811
362.0,-1.809561674625466,-0.5122682355624006,5.63150503394926,2.6825059579415,9.49773103229089,-1.92041753807381,11.4181485703647
363.0,2.2316648188530097,-0.7305280980114928,-10.5044522877614,15.2748366782406,-11.5720435958552,22.3618690395947,-33.9339126354499
364.0,-4.114758128348605,-0.7368157369128333,17.7185950918954,4.08075187732086,30.4505977857659,-2.83213657100022,33.28273435676612
365.0,-4.487647197337216,0.2517870027852756,-5.21382529687813,-22.6444982357075,41.8894707843151,-0.645537176005735,42.53500796032083
366.0,3.867389916585331,0.3635825641278819,24.288816482592,-8.60467325269683,-0.0913318976850749,47.0765756916833,-47.167907589368376
367.0,-3.733548888506052,0.7498120181354485,-6.6761444244232,17.7875334917869,1.65877763178011,-33.1189115546113,34.77768918639141
368.0,-1.1714510351871994,0.0618283834396288,2.4400978686019,-1.32052629852278,4.42717754021307,-0.651516272514074,5.078693812727144
369.0,-3.846429646467036,0.2534873190107456,13.3262715364505,12.745022905482,17.4960696558861,-16.2577031323317,33.7537727882178
370.0,-3.626872078065424,0.5168589449904512,8.49294700859464,16.5474204049512,8.14502397194956,-25.9014212920657,34.04644526401526
371.0,-4.195579854684578,0.2663793610630301,-5.34468360506395,-19.4850880459721,15.8774014544946,-21.1072529894418,36.9846544439364
372.0,-0.4947945441608471,-0.3328123058770759,1.16650305151051,-1.56536991029598,-0.626155220638555,2.94733579548652,-3.5734910161250752
373.0,-2.361539226845156,0.3961475679240658,-1.05737195223566,-8.15377883438536,5.62261031500035,-9.42775554551639,15.050365860516742
374.0,-4.433140462217413,0.5126032326120533,-6.04655593083476,-22.4180530945877,42.1521227069212,-0.350286342865846,42.50240904978704
375.0,-4.78198816865461,-1.026095780885525,19.8807057541551,-13.1186249051952,6.06070963181026,-37.5395244680472,43.60023409985746
376.0,-2.534866648812702,0.6532641199559852,6.28185892127083,10.8658709542972,15.9182621581562,-7.05628418873962,22.97454634689582
377.0,-2.5818204474328863,0.1159096281586387,1.15350400056341,-11.2862345085153,18.3707192579688,-2.39621524205728,20.766934500026082
378.0,4.561631557287202,-0.674359821010395,-5.79172490227023,-31.9476741713948,-3.84642314849688,55.586611561925,-59.43303471042188
379.0,3.143523753030572,-0.4878561827518016,-14.1739524710726,20.0531338063777,-30.5168791449528,14.4337688393783,-44.9506479843311
380.0,2.6814105212353194,0.3181138891701107,18.7911703011134,5.0368917272048,-26.9094888665816,8.70177164868344,-35.611260515265045
381.0,1.4244152434208082,0.4151342337192275,12.1858130523868,5.46083885534441,-9.88961648774705,14.5537216953586,-24.443338183105652
382.0,3.971216556927701,0.2972051698449796,-17.603163962523,21.1685006225935,-0.851674306409581,49.5441759328371,-50.39585023924668
383.0,3.468562087510292,0.5574632132006944,17.2730464508842,-15.0907968093445,-34.8085846527317,7.17668626626344,-41.98527091899514
384.0,3.7866438489699656,0.3881497327235871,25.036226697829,-5.86983735522646,-0.130459915684542,46.9407600923646,-47.07122000804914
385.0,2.045367812035899,-1.0101844113323075,-13.7658399151287,12.2428356601517,-18.548206203194,15.1737982157826,-33.722004418976596
386.0,-4.686988251537273,-0.5235348937992172,14.9516934729056,-18.3539578229238,15.8198212814769,-27.513700262618,43.3335215440949
387.0,-2.677194451329408,0.7525598698816689,3.4735676274592,12.183723798634,20.1407636565216,-3.05006359796166,23.19082725448326
388.0,-2.634384745854521,0.8991292730556585,0.114235144907555,12.7975686455133,23.0009890189314,-0.425736509140072,23.426725528071472
389.0,2.8390156902963617,-0.1804700486451991,-20.2041674308802,6.54011239188627,-33.0591442388562,5.8136858664703,-38.8728301053265
390.0,4.873921757644154,0.2701042220945157,-23.1392180557643,24.2567939056682,-60.7149212967576,0.649172034952395,-61.364093331709995
391.0,-3.264457945024617,-0.1642694385597898,-12.8128078568651,9.99496598276718,29.4525971587999,-0.29310374552955,29.74570090432945
392.0,2.121481445642669,0.1718685586845975,16.5743291001666,-0.588388945995537,-23.0433270107322,7.31489032954086,-30.358217340273058
393.0,-3.647172075152159,0.6777345630612004,-15.2366337109546,11.7881925486322,14.8330520576699,-20.4301662972127,35.263218354882596
394.0,-2.7577483340267945,-0.4186973068491254,5.5450060616182,-10.116596905269,12.4114272850216,-8.70613655643302,21.11756384145462
395.0,4.147190115989365,0.182135890830317,28.5813068244851,-1.98736430878596,-35.3425398239268,17.1015153445757,-52.4440551685025
396.0,4.745536114978101,0.423155840811829,31.158483149369,-5.94024336515879,-57.8740630565725,0.188406257271407,-58.06246931384391
397.0,-2.628530670119702,0.0836967132615314,1.90412554648823,-11.2163409579124,17.59541320889,-3.22971331916082,20.82512652805082
398.0,3.3682516916254,0.9058249346369258,-2.81876452400378,-23.2329900051652,-35.4576546476596,7.38190842957989,-42.83956307723949
399.0,1.553930848337549,0.2399325211609977,13.460592013233,-2.15127818652506,-0.805032836379571,24.1471089980423,-24.95214183442187
400.0,3.330349296977562,0.1670990046706079,-19.0575132459267,-14.2413879190459,-7.68001192281606,35.8689006443063,-43.54891256712236
401.0,4.7414074519657,0.1765697494085985,-29.2804005388564,16.0181976340633,-59.3933690984116,1.7000878680884,-61.0934569665
402.0,-5.021290071637744,-0.8885302331778389,17.3634068935,-16.1877465311603,11.0559063570192,-32.3976914274425,43.45359778446171
403.0,-4.383585996881456,-0.4638897238467226,-7.03567487066117,20.8398057014258,12.0318656989348,-28.2304689598343,40.2623346587691
404.0,-1.462371485813223,0.6851769861727653,-4.42592054899647,-1.50863674938603,4.96201012900041,-3.59730769945233,8.55931782845274
405.0,-3.059530525519936,0.1127512685873647,10.5581165495357,-10.2180055751988,25.9194157291415,-0.975766822798495,26.895182551939996
406.0,1.685980560387462,-0.0423440598705042,7.44223692672162,-11.9060442912669,-7.45060645521019,18.2506915132406,-25.70129796845079
407.0,-3.6631076664925337,0.7958454461273166,-1.49386036823318,18.8057607950968,0.0222156623530071,-34.5099368030457,34.5321524653987
408.0,4.04223252970496,-1.155923664364355,-28.7483174965113,9.49629286746912,-45.2691974768121,10.1509257253803,-55.4201232021924
409.0,-1.388803547411343,0.1045192981490827,-0.230301134259367,-5.24547034516638,0.329528343855804,-9.28149058277794,9.611018926633744
410.0,-4.627175739295256,0.384608079107149,-5.98436667489175,-22.4361177680357,42.1354923844941,-0.369363710913578,42.504856095407675
411.0,-4.07827829320207,-1.024566525854764,18.0750099475008,0.0431472937776502,32.7599892322,-0.326188814637111,33.08617804683711
412.0,3.8775116098685936,0.3987636966856558,15.3815184506661,19.9193596462809,-34.9087971139095,11.1588731615552,-46.0676702754647
413.0,-1.389952060613722,-0.749647413324673,2.70917195904751,1.89235012731186,0.325480394053463,-5.72361041391366,6.049090807967123
414.0,3.893553444532864,-0.1793484622452642,15.076277677207,23.7547581524177,-45.9226529942522,5.57826409223212,-51.50091708648432
415.0,3.319654533576676,0.4568132826273821,-11.9001421538673,-20.3787441960585,-21.5753844918247,21.6220546915101,-43.1974391833348
416.0,3.391704561242299,0.0144961452740534,-0.823200018371408,24.8220954790328,-45.0813655412357,0.380155306499458,-45.46152084773516
417.0,-0.6855782350568738,0.9209502810544796,-0.403156152763665,0.872013670184027,1.69728290953205,-0.0612649627511299,1.75854787228318
418.0,3.812471713977143,0.0820595362516179,-1.52238690713969,27.7960642578272,-20.7030580344193,30.2535530478095,-50.956611082228804
419.0,4.709937181822892,0.3497065627617653,29.1808256960384,11.719506614334,-41.4514653401208,16.1105320123499,-57.5619973524707
420.0,3.6338714890466655,-0.7434209730679631,-25.5532475882586,-8.58098921697471,-31.4070302932551,17.9347785294189,-49.341808822674
421.0,-3.813027382732128,0.2768128662210816,4.69692485177502,-19.8974381594188,2.78071276716367,-34.6423159855278,37.42302875269147
422.0,4.192716842007311,-1.0195272199547851,-25.7384100350509,16.1619485011536,-35.0244117740799,20.6077911351918,-55.6322029092717
423.0,-3.548157866801146,0.7132646744953601,5.31102540689302,17.9183172038662,3.97420807038848,-30.235500818869,34.20970888925748
424.0,-4.027140720432874,-1.310732833409005,15.799462348878,-8.28993460245855,29.2964742790616,-3.3635525148798,32.6600267939414
425.0,3.727693798315089,0.0230975211160739,17.0041286774255,-19.6902738188639,-10.8902098070522,36.7322871320092,-47.6224969390614
426.0,3.0030407756934974,0.2196162503785949,-12.3096517918173,17.6855911345927,-38.2732313027269,1.16975101525352,-39.442982317980416
427.0,2.0571675086640315,0.1486894234360654,15.1988684286133,6.11871381479809,-29.3558140815402,0.635388570865873,-29.991202652406074
428.0,-3.516197726180064,0.8897084678578216,-10.1298867469997,16.1866512318716,5.19567482952204,-29.7576444048718,34.95331923439384
429.0,-1.0109908568110628,0.1279963210140283,-1.56091752101944,-0.683697587899614,0.0015489785211771,-3.11775780454228,3.119306783063457
430.0,-3.5528711086360176,0.7469449448425,-5.3183783514745,18.2022239475816,0.822410954620625,-33.8896458748585,34.712056829479124
431.0,4.843706081024901,0.5036013546556992,31.5844178285789,1.27265280500015,-54.1046797600721,3.75712383342381,-57.861803593495914
432.0,3.8868492785883695,0.1355756123245623,25.5644435529762,12.3722538332659,-50.8066260946194,1.18094734945011,-51.98757344406951
433.0,4.532292181956354,0.6897711875947954,-13.5058895855556,-26.3361116581112,-26.2767736837294,27.9007101556948,-54.1774838394242
434.0,-3.857103372039721,0.7442325089110552,-10.6308383563513,15.8798819494128,5.88869379994192,-29.0916044715856,34.98029827152752
435.0,-3.5488557144366237,-0.6982011305667944,14.6643764144562,3.9530190406742,5.77397998782513,-22.0271632798482,27.80114326767333
436.0,3.769759170394684,0.2824482087146651,25.1338530440956,4.42894952369043,-7.34916901124058,39.3668774666047,-46.71604647784528
437.0,3.629787075880517,0.479882177238245,25.096955909898,4.61390890416663,-7.57005958652242,39.1395021369537,-46.70956172347612
438.0,-3.639770320993273,0.7143926507055937,-12.5017266850077,14.5294616967783,8.92425976768744,-26.1618701039695,35.08612987165694
439.0,-3.3877752773146823,-0.6688333616972667,2.26156782341434,15.5823144544217,7.81658626038731,-21.0055001390213,28.82208639940861
440.0,-4.443055951638186,0.5904446885604743,-17.3822525790312,-14.9594048244371,34.5954149106216,-7.3833199851253,41.978734895746896
441.0,2.779500733999449,0.1545513328538268,-17.9153157252544,11.6358652181068,-38.032001683245,1.07159907551623,-39.10360075876123
442.0,-3.2672766526094623,0.3033937604451447,-15.8856846266963,4.24320357564718,28.2139208397304,-1.884093193008,30.098014032738398
443.0,-3.0444599510177524,0.406395112118232,2.41028588355337,-14.185899330711,22.9960340788107,-3.34322882903197,26.339262907842667
444.0,-1.90478826890989,-0.0460795436385079,-7.51538703612713,-1.15817560658916,13.2684535411456,-0.650767318529836,13.919220859675436
445.0,-1.3129147103783714,-0.5115738724283032,-0.825199771218989,3.77942151824983,3.62968982741389,-3.4514784450829,7.0811682724967895
446.0,-3.4769371526286075,-0.7778535419081534,4.21246754636384,15.1080378078481,5.11188340696573,-23.5980598354561,28.709943242421833
447.0,4.10191357782549,0.3363730258295135,-13.114644938601,24.3155728148912,-4.5621628124921,46.0083856886674,-50.5705485011595
448.0,-2.112903990674304,-0.4109546374287616,-2.16912698864749,9.65533064966007,8.14722938705658,-9.9672499018969,18.11447928895348
449.0,-3.702705407101916,0.7668827209600204,-14.5919535640555,12.5396263325051,13.2585812968227,-21.9595142740094,35.2180955708321
450.0,2.5265517862549864,-0.6653951944217341,-1.9095968431487,-20.2884790793603,-5.58095477162141,31.7209961708408,-37.301950942462206
451.0,-2.4200926050515146,-0.5566565004418214,6.58862637306375,6.73053853410602,17.2156074731026,-0.025035890431837,17.24064336353444
452.0,3.875381471805988,-0.1809669901641577,18.385541575329,21.3882752870491,-49.4151535137408,2.2125985507633,-51.6277520645041
453.0,-2.291696872406796,0.2968051785075349,0.176124819591878,-8.29218979705653,3.82436748303154,-11.3578075430966,15.18217502612814
454.0,4.645231374492776,0.099430740276544,7.32414612684952,30.1127545956511,-1.80541089952194,54.9226146298838,-56.72802552940574
455.0,-3.645939225913213,0.2509801586202353,14.4927915896913,11.3234593142551,20.3745514103564,-13.291583441661,33.6661348520174
456.0,-2.01583023509339,-1.288755288805271,5.87563288657578,-0.932546363045061,10.7687277681844,-0.121167309186296,10.889895077370696
457.0,4.269379853420477,0.8636002230056959,14.7748096274936,-25.0875479353766,-0.671960393101439,52.6225901606869,-53.29455055378833
458.0,-2.878180329298463,-1.19194185704315,11.6888181871,-2.48013795810354,0.306104421488035,-21.5664664300939,21.872570851581933
459.0,-4.382970482704261,0.1410774655986472,-21.6745142338429,5.90634138693976,3.16080680104383,-37.9608232704403,41.121630071484134
460.0,4.294195795689576,0.0878118432084162,27.7260597597069,-7.58582830692651,-26.5284297664144,26.0890721183742,-52.6175018847886
461.0,-2.104508783688167,0.3924137681734754,0.713428988754893,-8.29438871982545,3.11483501142601,-12.1240016745383,15.23883668596431
462.0,2.4138621589464275,0.1459909218341404,1.56042265760415,18.8020541595768,-0.0171198740750235,34.5181326669382,-34.53525254101322
463.0,2.713183789933112,-0.2571137350504404,14.1543118529136,-14.0663558976323,-31.0068796707217,5.52072697183388,-36.527606642555575
464.0,1.8610378389124609,0.4598470945570167,12.5192754272671,4.72801833755717,-8.65605070489334,15.8401166849724,-24.49616738986574
465.0,3.201546357814906,-0.2860755375663774,-21.1996279155179,-10.9697228882238,-3.55454376918397,40.1385134928068,-43.693057261990774
466.0,4.030682699937032,-1.4350072424969094,-28.0762758188951,11.4156983541243,-42.6725144440046,12.8065285598792,-55.479043003883795
467.0,-3.2637163807442806,0.1234915693240058,-0.541587440941004,-14.2800771455905,19.1225193918012,-7.03577910923735,26.15829850103855
468.0,4.67415954218295,-0.9164182086633688,-12.5260354384953,-30.0668085404552,-0.276841759043859,59.3452242211242,-59.62206598016806
469.0,3.258008147081253,-0.7289942272248526,-16.0622876748484,18.5120070807207,-26.7009040526336,18.1625348484204,-44.863438901053996
470.0,-4.282141234895313,0.5232648941627864,14.3697989939512,-14.9010115648716,1.40559398249369,-36.4873264990254,37.89292048151909
471.0,3.317043734558528,0.7902380220417667,-13.102553383133,-19.6614372584184,-19.3551893595617,23.8942821451568,-43.2494715047185
472.0,-3.1569530424044414,-0.241194891398897,-8.37070786677968,13.7261888142208,24.6238736000831,-4.80528058640351,29.429154186486613
473.0,4.274986964992109,0.6742889542876619,14.0299929403564,-25.5278060074574,-0.397546776539718,52.9230738214051,-53.32062059794482
474.0,-3.920427366385467,0.1532168441852236,-17.341480231521,-9.60236350637634,35.4026876381515,-0.882192868502854,36.28488050665435
475.0,-4.172422359707713,0.3448186798166982,15.03706472262,-14.2585400274588,2.02314620934803,-35.9090151583459,37.93216136769393
476.0,-4.770918237983184,-1.24787891185657,20.3706358677197,-12.378564821746,5.11288758105559,-38.5200298658445,43.63291744690009
477.0,4.648976712193362,-0.1536368630620971,13.1184689373041,-29.3859036161248,-29.3173168265314,29.5898587534072,-58.907175579938595
478.0,-2.4390386142406943,0.9716069565611254,1.93964514638403,12.5803680599196,21.7414015466903,-1.55890850250395,23.300310049194252
479.0,3.662283866227365,0.4489184473682308,25.5848138687497,-1.59688504292955,-1.85330901303067,45.0705124440938,-46.92382145712447
480.0,-0.2033955730463945,-0.0278527147143957,-3.02365811229539,0.87233290131199,-1.43554512733176,4.32496020038119,-5.76050532771295
481.0,3.327116351072249,0.3207710904376227,19.5665379714369,-11.8066032842558,-29.2706412164084,12.5609211917227,-41.8315624081311
482.0,-4.393679407380122,-0.7242936630228531,3.33125921859917,21.5092129052411,28.1727971413324,-11.6689582693543,39.8417554106867
483.0,3.2772312846735043,0.2990340757948839,22.2914006733331,-4.18818867281747,-16.3092515174677,25.2088357390941,-41.5180872565618
484.0,-3.2553793646772764,-0.3098145638285285,-9.903558504214,12.7337212205265,26.6689349825478,-2.85973854299695,29.52867352554475
485.0,2.369069529314812,0.6691586790150031,-8.03977418938919,-15.5990120698651,-13.5626904912657,18.5605252677311,-32.1232157589968
486.0,-4.594306146631437,0.5105764179064788,-6.57793214674386,-22.2559692304996,42.2741258327435,-0.207284793114561,42.48141062585806
487.0,-1.1697524605556706,0.1401397988887984,-1.52255746984263,-0.87558120116814,0.0172969564497991,-3.1977105684497,3.215007524899499
488.0,1.8565514767253792,-1.092811936185114,-17.9842871522097,-1.38043889420087,-32.9868880937159,0.0299653561911427,-33.01685344990704
489.0,-1.980449427711349,0.4245676303661886,3.48225887999696,-7.73925026176177,0.462287245682344,-15.0723020250182,15.534589270700543
490.0,-3.1401554614011475,0.4602256171286762,-16.5125693896859,0.95382545522599,24.9848716115761,-5.29156855109946,30.27644016267556
491.0,-1.2795832506891451,-0.011360771377222,-3.11829501516941,2.76911162924428,7.26947815097947,-0.364279616755035,7.633757767734505
492.0,2.0707094378021216,-1.1693995060367988,-15.5396959585603,9.74490552673919,-23.2168455809816,10.3587770546084,-33.57562263559
493.0,4.726832147287481,-0.871610568007132,-26.283507546757,-19.6678356662619,-9.117880641441,50.9725044612186,-60.090385102659596
494.0,-3.22961924481172,0.3253997476653229,7.80942915717747,-12.3115916968899,26.6808897714643,-0.0067469990318779,26.68763677049618
495.0,1.5527846082787575,0.2130675872219037,13.4939574261674,-1.85569309530794,-0.981625549919256,23.9513699565748,-24.932995506494056
496.0,-3.2378607552017318,-0.151213607720265,14.0931650932699,-4.84533271553341,19.1884055488594,-8.09105464879335,27.27946019765275
497.0,4.7354141448336335,0.2930252247850224,13.5469224782687,27.9860439075428,-7.2744386151569,49.6398303181375,-56.914268933294395
498.0,4.515017634822868,0.7403787508585234,-11.1589480916081,-27.3682097333517,-22.1505072043158,31.9508890432002,-54.101396247516
499.0,-3.814246523793757,-0.88840863575985,17.9690437180665,2.48266165935741,31.6535385711276,-1.55103145144936,33.20457002257696
500.0,2.3418494393489246,-0.3310582144049568,-5.54371529356048,17.8411127302355,-4.22859466520624,29.969603717793,-34.19819838299924
