id,pc1,pc2
1,-1.8924221279329052,0.07085968885832572
2,4.278415891503514,-0.07623760953303113
3,0.17048800425413452,-1.3769096266571839
4,2.9346407035808824,0.4703487731701498
5,3.713514553472548,-0.3876378053389082
6,-1.8076174241899927,0.39792574052477764
7,4.545863863305672,-0.10972350011221549
8,-2.228156475123942,0.4253141027550754
9,-4.316559126367535,-0.12590995367870292
10,-1.487098482966539,0.3443326942307436
11,-3.6465297639697454,0.950864009229366
12,-4.138140413222993,-0.02269691054316442
13,-3.0849288519567004,0.3069464677045732
14,-1.8943994457722797,-0.817156032019073
15,0.7067680576445712,-0.3937615427304752
16,-3.89120905831545,0.08405773353939092
17,2.822328865129642,-1.1223863991716527
18,-2.2022902777374544,-0.37973311928060605
19,1.832385229786199,-0.018782167932012296
20,-3.6631994264322527,0.45677538771603604
21,3.9808928665993464,0.3015342163034477
22,-1.8825725592170173,0.3288573765604064
23,-3.574390297027306,-0.07201728814096045
24,2.858336468544361,0.2947203651910006
25,-4.396147932617512,0.26634710188135957
26,4.590087923127017,-0.37603321454816985
27,-3.3200668678654712,-0.5676615386888615
28,-1.438541451180826,0.3557034986175152
29,-4.197054415201811,0.017148141818532994
30,4.021413196090914,-1.1918520277135685
31,-4.021223709475952,0.1678622093670867
32,4.70619313191875,0.547525718005182
33,0.8635611395163566,-0.6944125009537133
34,4.104774324218889,-0.02750709980813336
35,4.7260629463247295,-0.2357583351944875
36,-4.414677498449395,-0.909796442206424
37,-2.113101875894419,0.2245997260819067
38,4.65519672350433,0.637547442944052
39,3.931461285797966,0.25705416670301356
40,3.5883498565783234,0.458322419654782
41,3.2722883264868634,-1.0078509844004997
42,-4.291193486546498,-0.5601901133032668
43,-4.526180397875109,-0.6937038893474821
44,3.7317113838600062,-0.6922797186779175
45,2.9653165564687165,0.024097250914409545
46,4.85670231181638,0.16059762066182737
47,-3.5628400673729668,-0.6232435181276889
48,4.392407994789779,0.05539144979405031
49,-3.6109046569961794,0.7770440876684346
50,2.6531570567098326,-0.5351813548150419
51,3.5322254749910114,-0.6175577403317757
52,4.671176966200564,-0.6439879096216118
53,-4.512809994585509,0.4394313392351616
54,4.088965993988883,0.3759149558646256
55,-2.180766169954621,0.4083229784648837
56,3.8553544601946728,0.2927356669136865
57,4.559303813081836,0.18415825997551394
58,-3.8153827525351933,0.0581045126795845
59,4.423617766970925,0.7858879755091458
60,3.8049306206563065,0.1631995192441237
61,2.080380511025871,-1.2920357213161489
62,-3.7055108394076406,0.7227964336698005
63,-4.8444512868943805,-0.9648793930601277
64,-4.460404777999005,-0.17901913676461456
65,-3.8432379167543504,0.5418680436005882
66,-4.4639182984911825,-0.5128691615414708
67,3.971462365537676,-1.1761239028991746
68,-4.385548050736099,-0.8007294744338502
69,3.1412279216986625,-1.3151169752649472
70,-3.575857052261713,0.930091378440086
71,-3.443535495633464,0.4914694958167338
72,-1.1495566531850943,0.4587174678517001
73,1.1914244245211953,-0.605811266977655
74,-5.143958931051475,-1.071882886453252
75,4.489293133240856,0.18520078195512768
76,0.8750839447504293,0.14629071101196722
77,-3.856401335136429,-0.13031915852521878
78,2.718019218830807,-0.38757532054778204
79,1.7040291870360333,-0.41741966470687725
80,-4.449541536710895,-0.6597382957388482
81,-4.523644291564636,-0.7764208405005993
82,4.277761575532519,0.42473118408313215
83,-3.6063751378479467,0.19437449182828823
84,2.800110192881681,-0.9586835748494443
85,-3.291350984586882,-0.5936914119394858
86,-2.662555165895038,0.5308231815567475
87,1.650566108913644,-0.5578957308606827
88,4.617711730266795,0.18944154728177928
89,-2.8360855583668485,-0.6970311300102061
90,4.116224615012273,-1.1118643328112559
91,-4.0884781778830295,0.2027063071872104
92,1.328664776187368,-0.6096920659445999
93,-3.1082515048280963,0.21907255946686677
94,3.5174367699705,-0.30450676333916593
95,-3.4745157894662104,-0.24219116337509658
96,-2.0003420448618074,0.15246395568683827
97,-2.287519837952383,0.15191458727049237
98,-1.5172657847980604,-0.6919307557141474
99,-0.7638493554716196,0.8352929030186727
100,-4.763668044276735,-0.15460355117900787
101,-1.5470604968463648,0.42156759360249724
102,2.0436654112055175,0.1515701408083773
103,1.1182467147010133,0.27505905223167626
104,-2.0812883488857397,-0.9543918470160567
105,-4.613724096632782,0.03530416527640782
106,3.6910490085995797,0.0026937590516033887
107,3.820591007004256,0.2810010042501386
108,3.070839064509634,-0.06552343607419861
109,3.5988134324089667,0.45169297046443246
110,4.0211620350720825,0.34504070218507243
111,1.8600202362010374,0.23612607105310643
112,3.5094311929057422,0.49671740347817867
113,4.757461007807546,-0.5398058280392648
114,4.079464817304337,0.06461492258214388
115,-4.592357680673081,-0.6778396292054555
116,-3.022042350434517,-0.08701931654376559
117,2.4024515055702365,0.9239859398880538
118,4.708879209143113,-0.8088824146501109
119,4.615253615953317,-0.13647174911524182
120,4.282292206194724,0.11246102357739984
121,4.459050279901211,0.7157807478345743
122,3.7978266532937797,0.18653000179635348
123,-1.5206013544741737,-0.23235555770826433
124,-4.3287391692791095,-0.1026174953347709
125,4.137202021222082,-0.9922972188804176
126,-4.158071700554742,0.040745631207566746
127,2.5446149901512882,0.3825665657530191
128,3.7614470279766463,-0.6278698743917586
129,-2.448883011286983,0.7430585710348742
130,-4.513573183320522,-0.35862004228434136
131,-1.0663680948826448,0.15908399798085293
132,-3.675367795388109,0.9811112177335441
133,-2.5219006366311607,0.593506458887237
134,1.8888236242773406,-0.05449979641626331
135,-1.3552838027323746,0.5307742463990134
136,-1.8328776338675425,0.07090342180334379
137,-2.7428380139039237,0.08110828746595478
138,3.095432207158729,-1.1404373544988942
139,2.0470539018203127,-1.168641227909839
140,2.7345614616522287,0.1410738990962653
141,2.6139559466232685,-0.7991035271048338
142,4.013551207957278,0.4130130463117364
143,-2.157573961165544,0.4017280218399202
144,-3.9614725516489204,-0.7586373257466795
145,-3.6385804825237402,0.9794137195972614
146,-2.0616744355842678,-0.041145109651100326
147,3.3564921911664354,0.7838974328480128
148,2.9117802857210022,0.18781366616268624
149,2.13712102072285,-0.14230402317568236
150,4.0823671949772455,-0.14706880971118974
151,4.131797239299058,0.24639624151078193
152,4.310595306453917,0.0706628277680955
153,3.09755143402773,-1.2134138423671923
154,-0.17290728139959832,0.3092785916860599
155,4.264563463063843,0.5873548521133148
156,-3.8451947558499997,0.7722861874436183
157,4.224848721818233,-0.36356721127192443
158,1.4798818057456347,0.5119099745360093
159,1.5508593568987876,0.8476361077357112
160,-4.159977878921706,0.5867575366397566
161,-3.2870071730853305,0.7394243716606572
162,1.7502129904491486,0.33346308809548647
163,-1.1537702621888224,0.33183346289645044
164,4.108387909475323,-0.8209562247240185
165,-2.605736991907376,0.367726816731042
166,-4.074116795402363,0.29476909378260036
167,-4.448352480112949,-0.7727449730981726
168,4.323116724269687,0.9953951845488249
169,-4.058626381326081,-1.1215791247623885
170,2.8334786877976836,0.06179022191509487
171,4.629393922977216,0.3867424232790875
172,-3.0360250980148824,0.15065380003221013
173,4.183716587883461,0.4061981947998292
174,-3.5052842388140295,-0.2414225473250078
175,3.5582797441342335,-0.6587974284861514
176,-4.007168806766239,-1.3951066607053664
177,2.9775117346314666,-0.1461804698746346
178,1.5302493851519816,0.27484241231154133
179,3.8075095999243542,-0.8323647545434056
180,-2.7151609134636705,0.1289232557930673
181,3.319011470091364,-0.2974945090427962
182,4.5193610984024115,0.7473623278657103
183,-2.544065931182888,0.018900982935961763
184,-3.9360469846423385,-0.6410570049694293
185,4.72538516463131,-0.09000856160431026
186,-4.218520885799683,-0.9178125095252956
187,-2.365385359947113,-0.6986343603652476
188,1.7085140798787253,-0.4445733462852996
189,4.952136791762345,0.25401939364440873
190,4.599255380280477,0.2949585129801903
191,2.7756989577835958,-0.2720600002838694
192,-3.5731734511169417,0.6146971981639366
193,-4.405687145335363,0.034036662413775315
194,-2.9324325651161627,-0.8086200947212966
195,-3.055476894281229,-0.39473746789329517
196,2.6356698740084252,0.427952630561281
197,-0.7269526336297667,0.6898277689553737
198,-2.113229690001498,0.26540490482394613
199,2.969455906757073,-0.9747926421307965
200,-3.067850590495357,-0.18944019070174428
201,4.035345430588454,-0.1617859186500277
202,-4.472781126076496,0.4656881531583758
203,1.731254812945318,0.7015445825762296
204,-4.32659680000424,-0.7289466790717777
205,-3.583437992494311,0.9526171015600203
206,-1.2239845867363288,0.14001037372220512
207,-2.9700062382580854,-0.30211626339067443
208,-3.0372572990486018,-0.20284986854822198
209,-3.5829405496362394,-0.6342055025590424
210,1.3936604248983095,0.46109773112116287
211,4.0286467796359515,0.1589785577434579
212,4.09264823149501,-0.5294652222998872
213,-4.1783877481542975,0.18310407897495823
214,0.49401116863363104,-0.6373432394575621
215,4.758888634533384,-0.561781692764012
216,3.6017940099113934,-0.41892174908829066
217,3.784544949384649,0.4452904713099587
218,-1.2991565501430413,-0.8612347927000616
219,-2.0965777396546303,0.25407604845986587
220,-4.524466781870832,-0.6145938809175829
221,-4.431839163194459,0.22269910663749226
222,-5.010320386448743,-1.2262147172161062
223,-4.624387925940246,-0.19479958513007545
224,-2.882754186621013,-1.1275069895281231
225,1.8209893214040591,0.047204734113322294
226,3.0560663089868507,0.18277228037168985
227,1.651216500178139,-0.3677077324195458
228,-3.9291567451964275,-0.12659868530492263
229,3.7830024845338976,0.39365942720151187
230,2.5711705353487204,0.2581919474867426
231,-4.049467881273519,-0.8070888925864607
232,4.4802900598476425,0.8143462652799323
233,4.093461497579573,0.06727125081475312
234,-3.3111868718003366,0.5790979033247512
235,0.8491260310493565,0.07109702207355202
236,-2.3858500905597477,0.5841585583859843
237,2.6801408577262955,0.6040265411012357
238,4.455122539169128,-0.48452901177023533
239,3.455838992651854,0.7502800859095181
240,-1.3537194393228966,-0.6109986856526715
241,-1.037938767987458,0.2561634359107461
242,-4.989502743370078,-0.9566983202070448
243,4.038265125519282,-0.09378242950254528
244,-3.4516826855103697,-0.7794946858453903
245,-2.9244913013312814,0.23805603995651167
246,-4.35180009751563,0.1749819034568832
247,-2.2315613351311914,0.24643626942497698
248,-0.18013081158026506,-0.010671482995956369
249,2.7052392338756133,0.54340769212794
250,-4.223892098594812,-0.5995020472169563
251,3.747401697509528,0.0870447208354124
252,4.79158340005358,0.6641927409280175
253,3.2909088510069653,-0.9807477302777621
254,4.721471639994142,-0.7251354834080678
255,3.0394097660145736,-0.011890575070803868
256,3.19026546458368,0.234896574925272
257,-1.667358346489878,-0.34827414748776697
258,4.621561535408883,0.04591131194905631
259,3.320998109010902,0.08344089329022902
260,-2.357583625047901,0.9365153213931618
261,-2.8207252234379383,-0.8640507964480706
262,-2.194931063359795,0.09415727715446767
263,2.8429636768775617,-0.7019724816690028
264,-2.408329976178494,-0.48596170305200276
265,-2.8313141730576956,-1.1554704158714868
266,-4.535474186574914,0.06981058243540547
267,3.927594660001633,0.07457409410724235
268,2.844871745422828,0.4248850205676834
269,-3.6865538681074743,0.9632184595549396
270,1.9716153233412448,0.03817474845601263
271,-4.18808358416458,0.3071551425705281
272,-3.4796545259651324,0.1402345267188843
273,4.358926808134796,-0.20121419230400422
274,2.145390839998045,-1.0086463561950856
275,-2.042361380613865,0.13176209040814169
276,2.0508686736639787,-1.1647060125514377
277,-3.8433665021105967,0.35184491077516816
278,4.288269927589397,-1.177713950390508
279,3.0141607082431188,0.2719546363803882
280,3.050918600891067,-0.12435341559766512
281,-4.573529682145851,-0.08426528446904796
282,3.6105911711972585,0.6200775285546253
283,3.6454178619542983,-0.33294184944901234
284,-4.385677068587576,-0.7498796790955831
285,-0.41683296362686584,-0.5302072893405905
286,3.012101303497886,0.07937384576357216
287,-4.011975613140486,0.3170401974329014
288,4.494037274511311,0.19936711993732775
289,3.6744128042884405,0.0011929611052516082
290,3.039120157962597,-1.3249787096960775
291,3.477800828669468,-0.49148227341144457
292,-3.4229780691226113,-0.26792374012634873
293,-2.466173581817322,0.3780320380982113
294,4.824003620308442,-0.56984342981181
295,-4.7495429810860115,0.08316874202288915
296,3.9459337164386405,0.4129051568942708
297,-3.8962108610972175,0.0810992540596768
298,-4.420451626140115,-0.6677878676060253
299,-3.341404361529794,0.23445136474952774
300,-1.7687956678164949,0.39936541698532363
301,4.424398081291218,0.29652469189584524
302,3.555986726454047,-0.0650156023534756
303,-3.251711321659081,0.493816723912917
304,3.937802831689186,0.18340504337046767
305,-1.9738974222706565,-0.17735810604500582
306,0.6421355147149809,-0.5176978303616141
307,-3.089832540696015,0.2183540921481689
308,-2.8354179026686257,0.2071574734437779
309,4.355883018565197,0.4948392000766427
310,2.6437466229664364,-0.540221367932549
311,4.466072788421759,0.888871969115403
312,-2.1326770549303617,-0.8967522679623636
313,-4.205554333925464,0.1937856941936046
314,4.947065387465204,-0.05601736440025703
315,2.494069008850569,0.7034980056204835
316,-0.6557128229537881,0.7097159410605977
317,2.740040145554284,-0.5236378237592569
318,-4.312849400159969,-0.37420145177812275
319,3.1600944122580903,0.05237206383353399
320,-3.0527829881953767,0.33143005222344235
321,-3.330679754262868,-0.7013725804527159
322,-2.098707272900037,-1.0662227506046302
323,-3.5473782443892468,0.44758898979577794
324,2.4637136232246215,-0.7538051723228633
325,2.1331254696623128,-0.13039745267158184
326,-1.3197431472327839,-0.6283765622414013
327,3.7127651195336804,-0.8029118754986561
328,4.233313534949993,0.7556119860045937
329,-0.87696465617515,0.4569183249488776
330,-2.492529287452312,-0.3607228633101831
331,-3.4664479845229867,0.030064223032016328
332,0.7428139993780015,-0.4530457157123687
333,-3.9456986405567367,-0.3687017184309448
334,-3.9027479739839364,-0.8048857396552075
335,-0.9005116115492641,0.6692712145419462
336,-3.7944495347200853,0.4055131102187274
337,2.6619749598663494,0.37253810836322576
338,3.44460629478723,0.1953222778795486
339,-1.076807592642044,0.27956846712903877
340,-3.531209925572501,0.30576047883043206
341,-4.476893639392145,0.08106400931153836
342,-1.3021440731097664,0.256605335715768
343,1.874719921876057,0.0007530483719942188
344,2.4334656789455833,0.808344427899481
345,3.058180601612756,-0.9365507886414942
346,2.839567046998825,-0.6311571115376949
347,-2.2290776842809867,-0.26874877484049264
348,3.6089487595803114,0.21498721515580183
349,2.7322303023937624,0.49642312751555573
350,2.832859763139194,0.08760640026370048
351,1.8188552736462387,0.645530018657117
352,4.234811798423688,-1.0509768159244863
353,-2.0207998702393564,-0.8998165653639014
354,-3.0519971320970343,0.36067672635741616
355,-4.246226857233677,-0.8913112070933127
356,3.5034500293918467,0.27077025486117284
357,3.569329368071358,0.09353399788727604
358,-4.307617672744597,-0.617518195753245
359,-2.7750499194313027,-0.04864173497173355
360,-2.534265145525278,0.44490671045540664
361,4.6327688153566315,0.9819542126066682
362,1.045114532203959,-0.09094257744297203
363,4.6689638984429855,-0.39789347059039
364,3.450885214094617,0.8799477492380403
365,3.0209148550383746,-1.2908186176383942
366,-2.454517289033521,0.9752744535918549
367,4.497914569197144,-0.2991630679754857
368,-2.920338535668841,0.26312584531106314
369,-3.359802494217904,-0.18325589998687747
370,-1.2110964199036773,0.18855286690451267
371,4.365515336166141,0.571196883929897
372,-2.8214866900066786,-0.19910607134340735
373,-2.187152898754684,-0.035500693381910794
374,1.0552261375784833,-1.1564918759585372
375,-3.1870327420681535,0.25839768271151164
376,-4.0800709694805395,0.1399886288740064
377,3.25400973675082,0.37307347438249117
378,-4.190734494714612,-0.35102391706578906
379,1.7412015168169386,-0.7417920706615174
380,1.8712694828410534,0.3260473313957863
381,3.4477768506237103,0.9249167753574808
382,-4.193339681297374,-0.7199103012486817
383,-2.0870731239038163,0.3551817994193456
384,-4.116618599092393,0.4778453095438271
385,3.548876344609095,-0.31989507910243553
386,-1.9534845949319448,0.13119215774042892
387,1.4413317172380107,-0.14277351224591878
388,4.836433528447539,-0.49896889501024266
389,-3.1852260130246095,0.526426038747349
390,-2.6752671562314116,0.7277329041180672
391,-2.930467394301581,0.006630764751917495
392,4.62327402629893,-0.3532845187233791
393,3.825658986241738,-0.023629526516179087
394,4.042951825353505,0.23987375704587086
395,4.383971248584516,0.23995399028826409
396,3.1480991998416843,0.16408928254351965
397,-4.4059347136606055,0.3265344732445063
398,-3.4965269018537786,-0.4614519117948226
399,4.0914242060632375,0.09637134853111591
400,4.626776496126285,1.042316494265641
401,2.993525386756233,-1.31276970043597
402,4.70866035627018,-0.10008247300360933
403,3.2431812002426543,-0.41876672710279195
404,-2.5522792537826184,0.07564632810866714
405,-4.153257362183688,0.450571614810791
406,-3.354243474537982,0.7362171036252965
407,-2.327991883878799,-0.9686358487335863
408,-1.4948348866084278,-0.7992421397296151
409,-3.5808051001844015,0.21673684001226554
410,4.031723155227361,-0.9221953904410674
411,3.568830343217063,0.47904223247072414
412,2.27783996598776,0.9964239454265185
413,-3.039016541993149,0.0892522196847175
414,-1.648269382442516,0.9315155756934884
415,2.588900763022484,-0.8857319571671344
416,2.4489467035735215,-0.6437030356325336
417,4.930550490713429,0.42436214198326794
418,-0.9826843740835732,0.335496295214533
419,4.286161707781337,0.9046820509455389
420,-2.6125539112429585,-0.15567587714024064
421,3.6628880895929568,0.5803767719442905
422,-0.11252380786709135,-1.260260798359749
423,-0.1502862800891295,0.35232695432040734
424,4.790091324419941,-0.8548930228634771
425,-3.3565975225223084,0.31908607533428834
426,-4.266653042140239,-0.037964788049676505
427,-4.510443524832513,0.41731970925694895
428,1.9501690061678245,0.3010725745124182
429,-2.7789599615519207,0.20302591392359517
430,-3.975237268207208,-1.4556670200897905
431,4.3968377585158676,0.1573011923440978
432,3.577230518009325,-0.0402829499249987
433,4.531811602984422,-0.7069649820233509
434,2.516381094867523,-0.5604300686360942
435,2.2473562015716304,0.7344052935874377
436,-3.5581214568986916,-0.15502817559557167
437,-4.230736659844769,0.251420858506432
438,-3.3696324637310817,-0.814839507060235
439,-4.229764755151574,0.41086471932368446
440,2.760241731639435,0.14195639036763438
441,2.6609498077072464,0.038988848352512484
442,-2.615549187667453,0.7672698626220734
443,3.279131849931852,0.8297614428696025
444,-4.217493623631425,0.08239737374059215
445,-4.46493494023381,-0.022148533693536844
446,2.428309522436339,-0.5987891272971748
447,3.490572881702567,0.1450128260489996
448,4.363841884360804,0.5021509644151095
449,1.7681902060286674,0.20653612832434132
450,3.5712822447394705,-0.6351766500464753
451,3.483801423404006,-0.6504029101196241
452,-1.4185652568038827,0.6992850523579703
453,2.9683786229264397,0.06968569563976124
454,1.5351963752856912,-0.707415934053371
455,-4.13982504996688,0.4616248643158573
456,3.319184990458592,0.7424723424596182
457,-0.20367085965025933,-0.383607030575077
458,-4.376564563604225,0.5246426130814331
459,3.448231529777669,0.1628424719401659
460,2.3109460153533656,0.11155397494138222
461,-3.874504013570683,-0.46959759463852696
462,-4.195404919463298,-1.0589627376396398
463,3.0254951077534673,-1.1623375613657532
464,3.6874115750943806,0.5943796581633328
465,3.2231667863962725,-0.23470819397213255
466,2.9194258844349834,0.13655653481241994
467,1.3949742879556424,0.8279918664568595
468,3.50899805235722,-0.6621003480614867
469,-4.02916298549,0.14258026042821662
470,-2.2377545089590862,0.1838267205109495
471,3.9845351973741594,-0.9467901839418713
472,-3.4929786739074182,0.8043628590733805
473,4.985134773255513,-0.20953662159983177
474,-4.220679090483087,-0.02261849402344363
475,4.615414736923979,0.6475746886425044
476,-4.719143871527317,-0.1353598285216462
477,2.461073190578117,0.281512100170085
478,-3.411580581607178,0.47617617492717523
479,2.67253107037793,0.5875725412278122
480,3.9076847037669737,0.16988041399285567
481,2.956122939588657,0.11646500742270521
482,-3.5682981905271673,0.6985559872022082
483,-1.9668844402300547,0.3512497654953502
484,-3.561083245210796,0.2984293661244239
485,4.744181813581641,0.32585115243556484
486,5.133710704379497,0.19279505151433865
487,4.6320211739623165,0.3451710877737006
488,4.629844068745659,-0.7511589862451755
489,3.011904224359672,-0.15713852349435187
490,2.0994684662400207,0.1673153767024225
491,-4.422867226941753,-0.18269391790132405
492,2.5658119163813042,-0.6028101307969335
493,-3.600429283382647,-0.24044816778245617
494,3.9845239003398465,0.30737993929351776
495,-4.287624248862692,-1.0503708855240008
496,-1.4500376724153625,0.04248365261289954
497,-2.5420716640996854,1.101860799086786
498,2.293834723336,0.33164776877803676
499,4.753432492787199,0.36989257357106403
500,2.8218646216160206,0.2758067319275269
501,4.1129093045509855,-0.08783620040267541
502,3.6565865657080345,-0.6924065100713346
503,-0.2416335276912957,-0.7109993668181831
504,-3.3681566216966106,-0.28061132222323976
505,-4.522552688650915,-0.8294340861764892
506,3.7946075895669864,0.16322954548395455
507,4.288729069652146,0.22288143413331213
508,4.900405037595029,-0.5673058078934401
509,2.9836577152403345,0.146412411485084
510,-3.6830278935433274,0.5938435017493714
511,3.4872709004874167,0.39540859373492104
512,1.8062840876047568,-0.7323458688093882
513,5.215798514369385,0.3196795464454945
514,-0.4433299093221501,-0.4664875838917579
515,3.580970711635201,0.6815707006414197
516,1.453367912991338,0.5615418348991783
517,-4.1167066355795665,0.45778284420109955
518,2.2185783801337884,0.28952852414018265
519,4.8199119957229035,0.23366965945191445
520,4.232618634689189,0.4814123026807254
521,-2.235570589269212,-0.13714224417563442
522,-3.3226111193838705,0.013000193265234699
523,3.0815793058219856,-1.4363129689705552
524,-4.351444571753173,0.2666055641391316
525,-4.3018864092232025,0.5612483751082636
526,-1.2310916261505533,0.1815281309221012
527,2.6909895275005535,-0.8146980103582279
528,3.5680457818439466,0.08848812608446437
529,-4.372412188773787,0.4942178305611637
530,1.7578343757927382,0.18208044952312472
531,-2.677628864680901,-0.22316298176864993
532,3.2759019350542875,0.46623850828618435
533,0.99675476758212,-1.089554282531794
534,2.1001949543395773,-0.6027896040798476
535,2.5482977201904466,0.4685733915512244
536,-2.0141317774870537,0.19959417529554183
537,-1.2773841356285676,0.40644769217968096
538,-4.712142150458195,-0.6288950871015497
539,-3.708373780416875,0.34101349427462224
540,-3.617808405793952,0.8737053116042214
541,1.8552793811142296,-0.3662789366899985
542,3.9825939210267687,0.026936252651280017
543,-1.725253010033019,0.13211559912693244
544,2.9895736394856396,-0.1652581641673673
545,3.482557610087439,-0.061120692524584415
546,-3.3198237258038334,-0.372653310339221
547,-3.8500432018892914,1.0096119941761432
548,-3.938054670963757,-1.0137661568540404
549,1.8613622645010464,0.09998751012201161
550,1.1753993331688717,-0.6256259968020044
551,-4.294027462637064,0.5230120783920892
552,1.8666134164738633,0.12294220705761993
553,-3.007847588321861,0.066292610031023
554,3.750111568803396,-0.8111755150740361
555,4.528345552924013,0.8083026719074025
556,-0.9010520297030992,0.1226883378403931
557,3.0186603039071414,-0.1672954235594321
558,0.8152609882177428,0.353342738079035
559,3.7907283988515807,0.18587363119058997
560,-2.120324517634424,0.5221965013785994
561,2.137486648871576,-0.3796026565025406
562,4.317314523345919,0.28727030580317753
563,4.0648369743121044,0.014265607625706904
564,-2.5442156268015386,0.7013967308148691
565,3.853500075510359,-0.8087839069374597
566,4.612770294658546,-0.7387796102227646
567,-2.3937863294971398,-0.24713240852214474
568,-4.275057382730085,-0.5933565578012103
569,1.2081288903691825,-0.8986945446535272
570,-2.066833163748196,-0.58583517463798
571,-4.234923857484752,0.4789987705902825
572,-2.9840065180709767,-1.111404215601499
573,-3.6664300971394397,0.20029950772645552
574,-3.3970773758094217,0.06340587312081375
575,4.926181690951902,0.4863656723877506
576,-2.085604946607793,-0.0388829751331313
577,-3.831664959552638,0.4371539327540795
578,2.5170057209604733,0.6972221856168798
579,-4.388225515467806,0.45044086182868337
580,-2.828098985811061,-0.2579866181906964
581,-4.040585724254382,-0.5450993479314784
582,4.636114321232272,-0.6434435247338697
583,-3.2291685593856054,-0.4200050403368981
584,-4.312519459653016,-0.7956162916283799
585,-1.5205432893505773,-0.04920905725201831
586,3.4229976309256296,0.10026223771252844
587,0.5232161063858448,-0.5344867227330302
588,-3.6369679386774254,-0.11357388121860952
589,-0.5495845910540004,0.4632837696005266
590,4.401452682188714,0.5899152934708097
591,-0.2800663818401786,0.1521373861993773
592,-2.452440849048134,0.238177528749089
593,3.454643706065687,-0.6425476648680936
594,2.33195506504388,-0.027784238144558857
595,-3.3469114788060077,-0.1465562658530506
596,4.663304463443526,-0.30786197647462676
597,3.946016752423039,0.3700688489312497
598,1.542188661100412,-0.33034321294143815
599,-3.6545695117648918,0.8013993478120788
600,-3.3742823910513184,0.41901427796166574
601,4.0469083131036765,-0.07930866557530145
602,3.7311316987635528,0.2533964111602288
603,1.3666216896480705,0.309381292520596
604,-2.289143691661652,-0.8660588187135521
605,-3.757042607620995,0.9041736527567887
606,-1.840583301440473,-0.9746873753138049
607,-4.430762799973402,0.6260091340016346
608,4.727952274874393,-0.3735533793892067
609,-1.7712738163600457,0.3031442069577078
610,2.086576362244861,0.4885420146055628
611,-2.957818254294552,0.12029906760087847
612,-0.8865669323697963,0.817338172705367
613,-3.6549722597398624,1.1330949710533256
614,2.994552276249613,-1.3403933451326362
615,-4.558196069103221,-0.5750370903412257
616,-2.5060208696113078,-0.5391780538896461
617,-0.8794981743547405,0.5607272140478128
618,-1.3923818554953353,-0.6292546360760454
619,0.42149739253661633,0.6808397952515115
620,-4.580593082959661,-0.7582315323577755
621,-0.5018098158498628,-0.3209330794984617
622,-2.232083150527994,-0.38156561844755965
623,-3.546542169737295,0.7032430277583633
624,-3.524700340604626,0.6827253832090185
625,-3.2343051077175726,-0.16281001983717985
626,4.741420022477829,-0.7534239811027411
627,-4.908195213588325,-0.8610756834436157
628,-3.4263274876311334,0.9885352415666775
629,-4.478050067603208,-0.6462013849912381
630,-3.504447845233406,-0.0676728660926547
631,-4.527729168851497,-0.36824248287175515
632,-2.576167592812524,0.24396253009303964
633,-0.4935629587343262,0.07661959522165543
634,-4.857223042999857,-0.9106079457701219
635,4.447379883786818,-0.1826395861020161
636,-4.229723129598663,0.36127878768515836
637,-4.533486749702161,-0.1500938162418364
638,2.2748038704775397,0.5386537324941502
639,-2.400969507977104,-0.6956627936449155
640,2.7047411127318948,-0.4637850107776202
641,-3.3667139069041236,-0.5170392361094044
642,4.678369840087904,0.5014771223224909
643,4.139661191351775,0.320224941749597
644,1.946088862471353,-0.9700278502764587
645,-3.498688442234389,-0.5968001922427222
646,-2.7036082087198716,-0.8306240813900737
647,-3.207443230871568,0.10592098007495984
648,-3.8016105768245256,0.19156659952615612
649,-2.898216514326095,-0.6602860840461086
650,-1.908289801838241,-1.4210832733498113
651,-2.7230614789104433,0.8063626841528138
652,2.563426465863376,0.46175582482830035
653,-4.589738431240733,0.02372107053116338
654,-3.2632508244281357,0.14104743785733928
655,2.6502219240357006,-0.3604083013242036
656,-3.173998815312053,0.03816690386329127
657,2.970621897530043,-1.2828672458141448
658,-4.167490242687554,0.1799893445228166
659,4.885810266095232,-0.9749534089689504
660,2.4677989192393697,1.0621303282748327
661,-2.5764119428911805,-0.007497808692143134
662,0.3740595497202536,0.8784311363958471
663,3.7155362910774605,0.33878903204875865
664,3.0069713801687477,0.2549377716985873
665,4.201182713692166,-1.2173985287739286
666,-1.484400263677756,-0.6654941282115417
667,-5.017422524511257,-1.155934940247311
668,4.580337976284948,-0.5293103958817881
669,-3.466498872348407,-0.8205034764515822
670,-4.435921108221037,-0.5610445361532295
671,2.7257810725302756,-0.5778873434905845
672,-2.9503771740439233,-0.1491092198746384
673,-4.360392784021094,-0.5902678958987814
674,-4.580260846833048,0.31405100669753927
675,-4.337963782482799,0.2984685206081932
676,-2.885715212742298,0.141328631032677
677,-4.374087621777144,-0.38723906279510906
678,-2.811674187119487,1.006560995569827
679,-2.3138275100181325,0.33171889904091234
680,-4.269402614440126,0.25574382723431566
681,4.53815096881784,-0.8911069087076348
682,-2.3275114035266022,0.6796977843230996
683,-4.744391137619424,-0.36316539636807615
684,4.336606378952313,0.8565388446385082
685,-0.6216113355386794,0.8736665134959788
686,4.493947083853791,0.6846435899472998
687,4.262447770879578,0.6634232548062211
688,-2.656285855686936,-0.6775408543602645
689,-4.199265721335311,-0.08327430149943421
690,3.0725040467373517,-0.19121491597825777
691,-2.1588982002520822,-0.013512177323971857
692,-4.0430855604500575,0.3290601210434963
693,-3.549725346340898,0.3567765474022107
694,-1.5488216132126176,-0.5344480880478993
695,3.584536400864344,0.3201574632311089
696,-1.9558644917878716,-0.015734283122151402
697,5.091707045157734,0.4508203069080651
698,2.8323193187291618,-0.6438099122440144
699,1.7351842814932958,-0.6904023210708697
700,-3.5721198617027743,0.6278093770107493
701,2.8961904799790505,0.4457866397549815
702,0.03232435905518551,-1.035111139188079
703,2.460400551369084,-0.76116162381093
704,3.8989720926498177,0.009133633296354096
705,4.436033266537164,-0.6591971424643424
706,-1.7181502183774393,-0.6017811531825961
707,2.4195762868595816,-0.6764731508016666
708,4.558052101561335,0.24505082041006357
709,-3.5889644771901392,-0.137206195209789
710,-4.302408075495068,-0.4589013567438806
711,-4.29800477510658,-0.05874790016925227
712,-2.928164280335959,-0.12673181869376754
713,4.635241800516113,-0.488082278242528
714,-1.2802487315883426,0.3919947747826112
715,-4.032066503083462,0.13245784424385018
716,3.7080384893334144,-0.3865627265426029
717,-4.152801514208356,-0.4728333967132907
718,-3.909901097582304,0.31031446340721286
719,4.656623618725748,-0.4136385824042806
720,-4.203744236553795,0.2441412053276437
721,-4.4825307456975105,-0.7577241592116699
722,-0.43017009567858394,0.7920418113040886
723,2.8007400128902,0.12741884598019115
724,-0.6838187473344862,0.1942041168300428
725,-4.4582637058960035,0.5631380647568375
726,1.5564395972868739,0.5602611768105669
727,3.502632785054431,0.2331012386947974
728,-3.9519278646195573,-0.35237481430813344
729,3.164560953083113,0.6621532539859228
730,1.2409254236634397,0.765865250687407
731,-2.967901128932151,-0.12500892579124656
732,4.713505980316427,-0.6377636137280556
733,4.3950063301805375,-0.44115841993321203
734,4.689005761654167,0.23882280925708693
735,4.253590831574485,0.08201339256735417
736,4.504373322035824,-0.5048892173251999
737,-3.2292506383897965,-0.45227022979629194
738,4.560090621789869,0.34683208147856914
739,1.2400767672748783,0.011137168303770758
740,-4.218828140631861,0.09255173463746347
741,4.635651053752892,-0.5333844129034889
742,4.061099701698927,0.44166585991301344
743,3.4255412150696998,0.504211622621183
744,3.3749195789109114,-0.31773300895485646
745,-2.4355728814070776,0.10151779648822798
746,3.8728430592361307,0.25880694185322656
747,-3.497335756213772,0.3066828777435552
748,4.400246910671152,-0.35878749546444
749,-0.9085658188550884,-0.12234128544886032
750,-4.150877778291547,-1.4126862012818762
751,3.8735509747546746,-0.07295052195705157
752,-2.6437249607386213,0.808651019198948
753,3.557212614196908,-0.718996262863713
754,4.584978358264642,-0.4602640213520135
755,4.849669594723905,-0.6434923314120665
756,0.4775860828859958,0.7467375679043355
757,-3.84555555873535,0.07825969430334315
758,3.1907541251688674,-0.9916145030633663
759,2.771189401860781,0.07053958626022323
760,-1.2354076800682499,0.07576983836265261
761,-3.0528384532176642,-1.491062014835721
762,-4.325924149942616,0.5630085400250968
763,-2.2964942612767434,0.5400656407121524
764,2.7466467490277635,-0.2095109812287332
765,3.548183617008793,-0.42050620566012475
766,-3.016336794688798,0.1845060424156016
767,-1.9814768943275085,0.44878797396620523
768,0.7620956867097187,-1.41059312145419
769,4.015890058830014,-0.09279571944155401
770,-4.762511609029403,-1.2174146049974066
771,0.8609685066298541,-0.1001015875830608
772,-4.760532818448715,-0.38512719999388617
773,2.889297512314657,-0.00046697205589271023
774,1.1750118718693157,0.4960742671556335
775,-4.240840706482302,0.6384628479348743
776,4.320455388952779,0.7954636469429589
777,-1.5502427085199448,1.0340330440493328
778,4.272589552574568,-0.26445847225685165
779,1.3682620104230199,0.8922910770755434
780,4.015389240405494,-0.0228343615614309
781,-3.1079474463125996,-0.6423185489179234
782,3.4512146195014,0.8470885275672062
783,4.0191784195574725,0.1503369420792875
784,-1.247011965803598,0.45380315109352404
785,-4.55229180107085,0.09298825249748116
786,-3.8497654498557314,-0.16258009658624795
787,-4.144256545465972,0.14207427256551522
788,3.273039601469028,0.5467018193141597
789,-1.819451527308026,0.16325112606273223
790,-2.469456280562083,0.02986559621340888
791,-2.608248002085913,0.48692708833448106
792,2.077582169978873,-1.0456126437994746
793,4.752583425005664,-0.9335937213710689
794,-4.407822913078598,-0.257853129685952
795,4.643670969120331,-0.09045143968379431
796,3.576659601278882,-0.5186957649672835
797,3.2612382042220895,0.38248824214755905
798,4.672337530902302,-0.7143451590352138
799,-4.391817894933432,-0.6241079852645587
800,-3.4260630372848766,-0.34831665757887287
801,-2.546035518100336,0.13877472956627235
802,4.7624089229948465,-0.862678412538444
803,-2.135980342285259,-1.260264090896831
804,0.9626266924426139,0.6792929911637116
805,-4.208873809853129,0.376485338850364
806,-2.1021881104863893,0.1287992217403928
807,0.761130217915359,0.47168622758981305
808,3.7726780785694265,-0.5163435105922642
809,4.313206105027483,0.3965114356940677
810,4.419279289979649,-0.35589907991049147
811,-4.46826632319858,-0.7016046535603477
812,-4.318203638890191,-0.49757273788844925
813,-4.057847876975465,0.35557580390940763
814,3.299173804457828,-0.630324428372653
815,-3.284031185526759,-0.687704652445664
816,4.128362558017216,0.5423073661943926
817,-2.3194538749267406,0.5701140085616064
818,-2.5528919978248643,-0.7343115701108167
819,0.8072943526245729,-0.49010701345467667
820,-4.317288460719085,0.011858084069013723
821,-2.5117332233401095,0.4149156657431893
822,-2.078656267823432,-1.065015448589258
823,-4.320017101728058,0.2525316447299657
824,-4.550835061033144,-0.8049941362200517
825,1.7040235333664016,-0.29642917007051683
826,3.7440027251559598,-0.12925909457396878
827,2.896246329451375,0.4068150867461331
828,3.0575796397941284,-0.6357784842258242
829,3.538836441580433,0.029015727773836455
830,-3.178543277849128,0.17863303559940197
831,-4.338412140360232,-0.6806067340084182
832,-4.130158009830156,-1.0812864388853536
833,-2.8077812268753743,1.0461154049268084
834,-3.2753016923353884,0.509456567918507
835,4.037814707062175,-1.1237317946891097
836,2.6096890308656238,-0.902609688935823
837,1.3832715709841275,0.39159259944776653
838,-2.995646790682877,0.03317117423915562
839,3.678575817163174,-0.4486260587909352
840,-1.1321986531402155,-0.18615769091439197
841,-3.6334066475330937,0.9768620191054568
842,2.529121153183256,-0.43731670375233345
843,-2.657488397413214,0.4621522083506715
844,-3.948939916225049,0.11047448613060133
845,-1.4109050966187542,0.5572185696457069
846,-1.175687604979881,-1.1719860493475844
847,-3.2508591143466625,-0.535648696466715
848,-3.345161529341646,-0.6777306101997638
849,-3.6500575327284177,-0.2636892117063941
850,-2.3355026094275146,-0.5882692030976129
851,4.5870195299888135,0.8564200791764628
852,3.842835162819588,0.46148580969050207
853,-1.333037683427234,0.359279197222905
854,3.9232030839650647,-0.7675241088680591
855,-3.5066301327652436,-0.7233472452186629
856,-4.142698328469943,-1.256223933847867
857,2.994036790477978,-0.7667166986358496
858,2.5403374148649607,-0.5180715566691879
859,3.2020536443549523,0.44119605757243197
860,-4.549120536113329,-0.3012828910739121
861,-4.1391102292129975,-0.2320985632567349
862,4.109616717801355,-0.28042173108951124
863,2.5332952738649435,0.9269383768250589
864,3.972952787917731,0.33945171176018646
865,4.703146778864802,0.22291272776771925
866,-1.5865295611957198,-0.0053874383026443155
867,4.0969478509342485,-0.12107330324700356
868,4.3226735242046,0.47771957763535433
869,-2.29207569191077,-0.45264253092823176
870,-4.986642164913581,-1.072243887768383
871,2.7730368420549905,-0.6238910989881246
872,3.250537243241282,-0.8099588919947955
873,-3.698193349022537,0.4319550740592608
874,-4.040541084961687,-0.13278426564570123
875,4.906718018574272,-0.5366363088480774
876,-2.8450069422930953,-0.11368220397034978
877,-3.2683637280904265,0.22324444870305657
878,-3.377940259530506,-0.6361627988419469
879,-2.729639047022277,-0.49291936736849834
880,-3.3010940382263994,0.37789262646394645
881,-4.287096210212487,0.4477775461280181
882,-3.3524276366021146,-0.7800928218912306
883,3.5639781239015633,0.3642464760376584
884,3.700575791441494,-0.4012062190516574
885,-0.7812644059173075,-0.674453634002299
886,-3.005711331072034,0.14280473620286743
887,-3.4703312463618574,0.9253338286137704
888,-1.4352846332538927,-0.6219630875929191
889,-1.2198833385611507,-0.8815677203360468
890,-1.3912428946783866,-0.8959157415520961
891,0.5534250529201205,-0.8083892460378457
892,-2.5457598113469557,-0.029187912361666693
893,-4.004067511400037,-1.1024015822340951
894,-3.364159973166254,0.3816996212388942
895,1.5172806235608796,-0.8929471395290444
896,-2.623734235368191,0.2826136917837706
897,-4.106586187068267,-0.08857966465217917
898,2.378990729155506,0.9275019885025791
899,-1.9422399575845954,-1.4130414569530536
900,-2.4019839982982627,0.19348959995075418
901,-2.4181120950469985,-0.2542366523701911
902,4.526686463825327,1.0537197706287653
903,-2.429184532502669,-0.2512659226601084
904,-4.193708361482191,0.4640674070118861
905,3.7469255341284025,0.5295605356451744
906,-2.1196719151200996,0.12883372870373538
907,-4.213701750460334,0.0019596543365985675
908,3.1327197758329643,0.0859538488110063
909,4.713207950797999,-0.6118457712600351
910,-2.63638237908441,1.0668103550590131
911,-1.6906172354884974,0.7410618103370765
912,-1.2204814342165764,0.1987222480460366
913,2.107107668689662,-0.19340562931303462
914,-3.4574502150702227,-0.14051372064294734
915,2.1706037942403986,-1.2456840993057907
916,1.7857149169680364,-0.7611020879911183
917,-2.6681995637154685,0.8605210860347088
918,2.4372555160148686,-0.4972776532871971
919,-4.819881379435363,-0.48578645516989016
920,4.068842323529658,0.3060222395988436
921,-1.748757071260502,0.8494576514132738
922,2.6878104969275953,-0.4122592252568257
923,3.0522509354375846,0.07745583997160194
924,-1.6356424448383156,0.7807598030158577
925,-3.6778225082328846,0.6079763199077611
926,-1.0628067663757943,-0.652651202698301
927,4.559476380693032,-0.6941840140209575
928,4.8779981882703245,-0.09793500893832537
929,4.015303220279008,-0.12902507741256322
930,4.215515732104898,0.1150381594478642
931,-4.377642988182825,-0.16596831852376476
932,4.044311181136717,-0.11569505443169587
933,-0.5250754077779769,-0.7547787399875392
934,3.086378708713029,0.3316350388512307
935,-3.6599484590098585,-0.6503837865274491
936,-1.5002286238938691,0.5141975255287087
937,3.6347003851109396,-0.8990621831615514
938,-1.310795681626408,0.10601173755280835
939,-4.307720220428999,-0.733018281997063
940,1.9156884435160535,-0.09339993177606071
941,-3.5774214527222927,0.8500018167562565
942,-2.2996960517412868,-0.7258468409920661
943,-4.254995114376374,-0.633533930120422
944,4.896008338777844,0.09789060412347074
945,-4.2080889128228725,-0.7773514301167378
946,-4.466272381349774,-0.09593884210268401
947,3.9060023919158713,0.2819288020223515
948,3.7211886087761226,0.6133824369570818
949,-2.944412988955937,-0.6527168524695726
950,2.093479780703632,0.15439385392803817
951,1.1283717151017203,-0.07492823335798417
952,-3.4094199651011357,0.10848146584524145
953,1.5707442138328176,0.6708023585471362
954,2.7448541783972917,0.37164144133234506
955,-0.2661928878690145,0.16437673585667906
956,3.643907065604329,0.38729128169251537
957,-2.4927270621175794,-0.282682570042165
958,4.742705144071186,0.6265095547725255
959,-2.4186358444346405,-0.4502297445423673
960,4.648001349284566,0.8539779742317125
961,1.9019694257516135,0.11073398908951253
962,3.6103691140857235,0.4820015701695758
963,4.618026580257338,-0.7491252545892481
964,-3.310431861535111,-0.9593722615003727
965,-2.219854786064906,-0.4108139327001062
966,2.242236175495757,-0.2637749335491633
967,-3.7500243983652473,-0.9876220677183456
968,4.711414318416824,-0.12215488883792311
969,2.517219973684342,0.6950532735208912
970,-3.7568277087272124,-1.0649287679294615
971,-4.546232489873674,-0.6442439839358157
972,-3.903509469082059,-0.8926624173320581
973,-2.1009549840493684,0.25524733189127846
974,4.747812526635082,0.248068036648413
975,-3.658558416991346,0.7706700287149757
976,2.9687173867445296,0.02077185918537
977,4.201169668932116,-0.8612190549116683
978,-0.5759572166875068,0.9318174226933253
979,-1.1947898899966753,0.15589494336840862
980,-3.3153492429127165,0.13034860131682363
981,2.984776384037884,0.35121336900837447
982,4.489790528137823,0.556010102435742
983,1.8586779391418364,0.5629505121004786
984,-3.8538315877224534,0.8810069158891733
985,2.4618167634865875,0.19330823298965666
986,-4.245159025864338,-0.32386924076126056
987,3.3818898683557537,-0.16473142988759754
988,-3.281291437240846,0.3867533734324102
989,-3.9580383543721482,0.13663353406235054
990,2.797924596720227,-0.031085540638277214
991,4.605132469428933,-0.209233764649065
992,4.894770421272568,0.20942542367335337
993,1.9536173105756034,-1.2929694991885456
994,3.5682892188870903,-0.6887211415676718
995,2.6906210143923808,-0.84081661987354
996,-3.1149610105311627,0.3186093667298337
997,2.8417969674444965,-0.9218431970700944
998,-3.3684144767537876,-0.4492229187223642
999,3.5688395953772245,0.15665139108201195
1000,-1.828606420469455,-0.079504980332244
