id,pc1,pc2,t1,t2,t3,t4
1.0,-2.627393194366093,0.6449345392162467,6.55499658385967,10.6887318416127,15.416160435125,-7.53562784994093
2.0,-3.1573937816473703,0.3444115469620985,12.3422524206817,-8.13524963668272,23.7876608328669,-3.27097753012155
3.0,4.605185434126196,-0.018454540802732955,28.5426611508138,-14.1323830016352,-56.4083724929203,1.89223772512518
4.0,3.051349779327928,-0.1627020623929038,20.2534997738816,9.52540247780812,-0.673842045557045,40.2954643855148
5.0,-1.5397517091889097,0.7857568843685582,-3.58890993392453,6.05001008043706,1.19848901174359,-11.6779085368127
6.0,1.0083855180232448,0.24337283751344851,9.95006807315881,3.03062764167512,-0.679306177598613,18.3602792363164
7.0,-4.51801529642973,0.09691336315396586,0.745153838887184,-23.3488839157628,37.7308725828324,-5.03073239765882
8.0,-2.7560074478535594,0.5368445089625674,-9.8082752792123,8.83954568194837,16.2961670571644,-7.87319188252374
9.0,4.0672817865774435,-1.2840963116071313,-29.8625873767253,4.46355461599221,-50.6757061104837,4.59464059739842
10.0,-4.26924988866753,-0.34935764558438626,-2.95524790059831,21.7039247726181,18.4432953209575,-21.6520681106423
11.0,2.0661016305195132,-0.7650608702243326,-17.639259564264,-3.48577295264502,-32.7336587941518,0.17920735655519
12.0,-4.382551412830789,-0.5004833339154581,19.6788610614921,8.07983840282649,34.8533684570858,-4.0866326552509
13.0,4.510758166403778,-0.9284699009706049,-28.8193461220227,-15.8582160607633,-14.9921887460564,45.2205001738777
14.0,-4.076691401879476,-1.1183615758356487,14.634775606041,-10.1045223774385,26.823580675181,-5.73019243948644
15.0,3.6475338703305256,-0.7046933522739888,-23.5899175144265,-12.8682233508214,-38.1626417618495,11.0252364461438
16.0,-1.2906292387053153,0.4604685964006278,0.51703079982673,-2.30769783625959,3.72301401745708,-0.605921156779902
17.0,2.41427667470942,0.8024191161406308,-3.10903758311492,-17.1270271320316,-5.95969238199279,25.9034772077348
18.0,2.051918555007062,0.008306806462988202,1.08768115305742,15.8102381559415,-13.0309988131865,15.9778531369159
19.0,-4.468147850378128,0.17880959964734844,-17.9380855915146,13.22762023996,0.0761207879281643,-40.7213751252756
20.0,-2.661226059600496,0.6165820815943174,4.81378780353241,11.6600515444052,18.3364687215957,-4.7544903449162
21.0,-3.790387775555532,0.557068313978795,-14.5906056373992,12.5411178712073,13.2554184763643,-21.9625854236616
22.0,4.273113542570478,-0.2522134083552993,-26.0148325593099,-14.6917399848369,-50.2502877254225,4.43869178187024
23.0,-4.192460089956798,-0.7592760016552335,16.097555362702,14.1490825376733,39.1712080350541,-0.0596852998496924
24.0,1.170131137123027,-0.7301667481191323,-9.00620248963678,8.54252254863861,-10.1269181583355,12.5952065398167
25.0,4.00701964003771,0.00959505676720501,5.93083075836432,27.3302955631928,-32.7326707623537,18.4594902247158
26.0,-3.991269765081091,-0.309372811206245,16.5672221506591,7.73343882804511,26.3135840022572,-7.15376550260011
27.0,4.396716457145796,0.7322935705711594,17.9028933936841,-22.8799746598744,-2.71968981679064,50.4592654713423
28.0,-3.3405033585642285,0.19364844878959825,-15.1030273258905,6.3338084518028,29.4477723357903,-0.530820011178976
29.0,4.147279959447353,-1.2824052831739676,-29.1495929219495,8.09630642801065,-46.9791109661089,8.39878341626264
30.0,2.9327025726134197,0.13025043559411187,-2.30382287383848,21.6663887281011,-26.6549621880228,13.2286728041075
31.0,3.20674870881609,0.5031881137333485,15.752115232815,-16.7364932014911,-37.3771646990951,4.69377286701721
32.0,-4.4796868226339095,-0.2017579790879884,-15.7612962282889,15.6587151952615,1.19114905982241,-39.4775682968715
33.0,3.7283353243529644,0.2269202746475864,25.4917528585161,-2.92993257085839,-1.11008953857834,45.8594538454149
34.0,1.9105616479289964,-1.1789801193125549,-18.0552345452587,-0.47169057656659,-32.8783035172152,0.18285812226951
35.0,3.744029110263709,-0.6150458837566055,-11.1499498470067,-24.1122744019684,-48.4100581977703,0.217672700800203
36.0,-3.3508583728983283,0.5323297258130495,-8.29337196217735,-14.9287936016473,0.748377423426593,-30.5121995294014
37.0,2.5419403877243556,-0.5985800357893609,-18.377430182461,-9.84925375517859,-7.74282274880282,30.4235152114633
38.0,2.35165385500883,0.6694903642246646,9.94399788920544,-13.8150711132027,-2.02623021910315,29.131837101405
39.0,0.9023733627539233,-0.05408625619484945,8.5463968890261,5.68026883166888,-0.0799722079260026,18.7042885322196
40.0,-4.206225019620074,0.060256109957804484,-7.00128185863974,-18.9085807654881,18.6507727619973,-18.2576146823391
41.0,-5.1871836741341895,-1.0854084963354318,19.8575339713605,-13.1521871617372,6.10589276386144,-37.4928389613659
42.0,-4.385597578637637,0.07519084328294316,-21.2559551299419,7.18104802674286,2.10697260599416,-38.9622163752171
43.0,5.035805726090442,0.24354019048392284,-26.6116598031736,20.2621600311356,-61.1467667597133,0.0784798047520215
44.0,-5.029840439163673,-1.0735312603852474,22.9411365514416,-6.90701445264297,0.701670702262171,-43.1537971048941
45.0,1.4611843481579516,0.6072905769758215,5.80824379432969,-9.37722900756195,-19.1461964074338,1.04468223932743
46.0,4.53466364500842,-0.5420080298660901,11.0189603093962,-30.2719895113039,-25.6957211770882,33.2735717578241
47.0,3.1464613197482123,-1.2229336591556421,-23.7801586003896,4.41521436671236,-3.64247147715815,40.6307438740125
48.0,-4.086475678202605,0.23300097301849218,8.28916716570198,-18.7848027253072,0.493333061399786,-37.0909577005303
49.0,-4.390332741717708,-0.45862502546694744,20.8525052367513,3.64847943176049,29.1896883953257,-9.56041704009851
50.0,-3.7584892073196974,0.9649499139868105,-7.22255147141643,17.588615854701,2.08074682500782,-32.7237838432569
51.0,-4.295133415421339,0.07239117305895708,-15.8101260605291,15.6114973543069,1.15471335069776,-39.5166863353415
52.0,2.81001473908185,0.043299928439571624,7.22944816327771,20.7780715508488,-11.7363216915804,28.5341243811897
53.0,4.209306445523628,-0.799487705993601,-22.6058009993493,20.4387153479491,-26.6670862805094,29.1181592235374
54.0,4.393909665034057,0.17834913179493947,28.0568728246785,-6.13729761005401,-28.8870305256766,23.6850910156974
55.0,3.2805408107571585,0.35688730617773706,21.7211952911871,-6.71743868259075,-20.4850819853728,21.1332335055588
56.0,-2.300850039160114,0.4478850529577954,-5.88212692369754,-9.32645841592694,19.0747967442994,-1.10895505581379
57.0,-3.201168184906535,-0.3372405071928532,14.6317145299532,-3.12088114731405,16.5013412343475,-10.8843071123139
58.0,3.510685111755227,0.4028747330869544,8.49704193418349,23.5306026030537,-43.1725594884931,2.62216734725234
59.0,4.684296895812941,0.5141099166932586,30.0782156560412,9.30785099325676,-45.0743198146071,12.5594559104093
60.0,-1.3359803062501443,0.19367717044711313,0.23619863969439,-5.28768780693432,0.659337651790536,-9.02936177741521
61.0,2.4891807105514725,0.6181000283393958,-9.97930843671493,-14.5091151037899,-17.1797341612461,15.0545786470463
62.0,4.594755021150222,0.9321031007306014,-2.02232108847181,-29.3334864570259,-8.74811776756846,45.0739244217423
63.0,-2.9614834821289846,0.08961782095930766,3.28376323538235,-14.0397633915578,23.9318363238364,-2.46136286855368
64.0,3.612740526184143,0.14015976787599538,21.3098229505653,-14.7109089567875,-3.50682076258973,43.8925408875388
65.0,3.5909767840600058,0.8739250501356688,2.06156694742526,-23.211636527449,-40.1589611363658,2.49690679371491
66.0,4.371283096974878,-0.5160848473824522,-19.0540379118684,23.8842283413969,-18.932627665154,36.9950699609807
67.0,-2.3473945251551047,0.7380516549298666,-8.11263027072403,-7.26992637580104,15.6868899360717,-4.25338163168875
68.0,1.1956370423241176,-1.1773332448103833,-9.93172459746595,7.34838488563168,-7.7189844714816,14.8960904620907
69.0,-0.526151764440233,1.0431322142424375,-0.122858585168277,0.815561010999674,1.50409353142225,-0.0056250005760168
70.0,3.636177505320278,0.2096302234507296,25.5919915704022,0.459290240983897,-3.34595035710451,43.5074194747978
71.0,-3.0817388805715713,0.2067426193800542,2.7261752129059,-14.1394191993803,23.3469233272916,-3.01179520099758
72.0,3.4255908997354814,0.563109883832854,17.5763686822367,-14.7208325906157,-34.2059043893414,7.76106162610167
73.0,-2.9901094991271018,0.2545868859756206,-12.6909229131872,4.29776619121902,7.96239776027755,-16.5641103359722
74.0,-3.9052629929284493,0.4079890842488669,11.1068114166347,-17.3565258931686,0.0151642850976639,-37.7039996203126
75.0,-3.4669621085631603,-0.3610589771364999,-9.66309025658948,12.9061690949105,26.3673101561294,-3.14526787000798
76.0,-1.421118674246557,0.7467173325149961,0.358635388211259,6.74271198902235,0.519470172565421,-11.8404275672523
77.0,-3.9659778157864594,0.32141933358962,15.2317310843314,-14.0598815773819,2.2292276320421,-35.7147077790284
78.0,-4.189599004368561,0.18169250489908462,18.8482154410095,-8.96881668183886,9.0802563430167,-29.1280737653454
79.0,-2.7371897377562093,0.9728023588315244,-6.72249200460571,11.1987591584772,21.1428895650018,-2.76611853048612
80.0,-4.5379031907190575,-0.10522004280657654,7.46067023716039,-22.2846428279263,29.0765768284876,-13.9405430709049
81.0,4.340641920387309,-0.9153252287233464,-23.6910616607024,19.1275963171714,-29.3754409055793,26.3607714089365
82.0,-4.017420770463137,-0.01460955720930297,-8.83860213386825,-18.0691545773997,21.8278460344819,-14.9925059357223
83.0,-2.442157360468368,-0.4560838599990735,-4.88821346368745,8.76278038941119,3.95368902725627,-14.4134060752642
84.0,-3.3653251933841677,-0.4262729541514199,-7.48077578287027,14.1968299858831,23.3264620310114,-6.04770404169482
85.0,-4.080481593541977,0.32269800034365603,15.2824826053896,-14.0072033984006,2.28498246244839,-35.6620488308224
86.0,-3.281392282766492,0.27038728392126093,-15.3470923977844,5.76849324995999,29.1879462459552,-0.823610837819657
87.0,3.0171235235783618,-0.9214295452300149,-18.8075923965797,15.5922939013152,-20.2111468514653,24.5084272350439
88.0,-4.231478147430681,-0.3654219190579979,21.0798131478852,-0.228151348226604,23.2820029248027,-15.3065961923198
89.0,4.013297385450917,0.15062055669144864,0.572378562941455,27.8679234854157,-24.0717047628388,26.9509455419196
90.0,4.157980352480583,-1.3680466876333905,-26.889451880531,14.0838042723836,-38.5859301197681,16.9776243531499
91.0,2.971809414307726,-0.09340809059918456,8.48727110227262,20.3283090573578,-9.85177991704213,30.4719127405636
92.0,-3.831718400477129,-0.8507803159883889,14.4678069377528,-10.3291956447801,26.4659131833177,-6.07404877288492
93.0,-2.663652159054396,-0.039887492173400416,3.23270616741978,-10.967103515416,15.9635245234738,-4.96558309551033
94.0,2.420212186381138,0.9821887888463285,7.00366310248645,-15.620523631218,-0.20132380474435,31.134362143678
95.0,2.841319625917252,-0.37887568194474486,-20.6585814354823,4.73491658551931,-30.7101847132488,8.0856378415802
96.0,1.9844556329130298,0.5169301586080459,-6.42887826537529,14.2259885412045,-2.52402078592403,26.0520692186928
97.0,2.3623998330775398,0.35612934269676527,-10.9561721895618,-13.8276947567012,-19.1099379851501,13.1836658162568
98.0,-2.524937458634899,0.29518748636438374,-10.5363194925363,-1.08981358650143,5.12436093296383,-14.2651377920734
99.0,-3.3796622924576725,0.7627875937744903,-12.9225684553163,-10.8967709290016,6.44802133491336,-24.4938487760011
100.0,-4.767359619229891,-0.4705423074084505,11.577061228807,-20.555418767954,22.1598002299638,-21.0239458288046
101.0,1.1622421241390222,0.433228582908745,-8.10027437845458,-8.39284918742974,-7.61293310649557,13.7383046164938
102.0,3.4349238815112604,-0.6509182413062223,-12.9887375407154,20.8735207719591,-32.6687665376787,12.3333626324633
103.0,4.908359475663116,-0.49113593464536515,-33.1278722410254,-0.378602969887974,-40.3462602239821,20.29786317744
104.0,-1.2427262194808877,0.7022702533770145,-3.75230478436954,-3.06832300072591,2.44155388747833,-6.43100670238136
105.0,1.3066362687768958,0.5358701338986664,-6.14659725796937,-9.79617553999033,-11.35533779763,9.81397477048455
106.0,3.438971978317664,0.6139060638382855,-13.1412006862466,-19.6367469181926,-19.2827140703048,23.9684604522688
107.0,4.874474278566308,-0.19351986463303192,-31.3992284311852,11.0841847115452,-55.3117452519278,5.64021676804882
108.0,4.664718725153036,0.05389196955331851,-2.47247851196977,30.7385170986971,-0.567808913925039,55.880395692437
109.0,4.361393709574046,0.563362545479303,19.9923133958828,-21.0149492904706,-5.02805780832811,48.0662061316069
110.0,-2.846386695080651,0.29508442865390827,-12.4066641739919,4.98887133742886,9.08776688192881,-15.3897729100053
111.0,2.2000607577436204,0.20069274440679327,-12.8702518350285,-12.1667831751168,-23.0600278014942,9.35945467831255
112.0,-1.5163439976455182,-0.5218027846448922,-0.964837641125202,3.76400906339108,3.869950589559,-3.2427782389397
113.0,2.354098952990457,-0.11614495362123638,-7.04588936551051,17.258290226848,-6.06204666651355,28.060382186232
114.0,-1.0458687855237976,-1.0966026799455308,0.0497563148803864,0.0052110407135663,0.0007658385638857,-0.0908106250143597
115.0,3.0987279270460473,-1.2917432666282236,-21.724287469967,10.937230509972,-11.7343046128606,32.7871185440202
116.0,-3.178906249689507,0.1120769180982689,-3.06719390728625,-13.8690583228679,15.133558127343,-10.8670014176245
117.0,4.612510940951063,0.7175118542368044,9.86109022542183,-27.489823926237,-0.146110223419144,53.313267860985
118.0,2.4565273600691975,0.9220288328063974,-4.66464117207355,-16.8155713859572,-8.08347054943437,23.8595796375812
119.0,-2.7661168359903874,0.24268715154445467,-13.4920564938251,-1.87423488229203,0.97006698942451,-23.9641286327981
120.0,0.7893899785129908,0.4390654130329988,4.341599391175,5.60965094462447,-2.14139928201815,10.8431559200355
121.0,-2.2303745922078124,-0.6544530602379196,7.26784906080853,5.90456766684748,16.8165695882609,-0.3242203881192
122.0,-2.2476383446649386,-0.009155578118198891,-8.00604492057516,6.35465613191147,0.360639152084379,-18.3496326764971
123.0,4.130346960846731,-1.0241004802265645,-23.0676616497724,19.8988733183736,-27.7978626312294,27.9669228050408
124.0,2.8704192841640226,-0.3751137186304775,-21.0874120042017,0.903827358828117,-25.0701234841411,13.5655645765774
125.0,4.954282698607223,0.2989168093303628,-24.4978461251532,22.8427370967028,-61.149137098759,0.163597760339573
126.0,-3.9443153475982684,0.38504982412203853,12.1036749147135,-16.7107756162397,0.187922450654463,-37.5817851037745
127.0,-4.360137295746457,0.7214084132021865,-16.5787401057156,-15.8822233549914,36.0695692612717,-5.95595896117612
128.0,1.8185776436095429,-0.7404537690087639,-3.27263458671566,-14.0419744572433,-23.9206059588663,2.4719030288482
129.0,-4.084170521243636,-0.981231069884757,18.080052850262,0.390344244024715,32.6572690624111,-0.445757955480876
130.0,-2.3003487575532446,0.16865130988153787,-8.69741616299828,5.46900760223571,0.0349516722406179,-18.7714806118214
131.0,1.6976535801383374,-0.03858991894225918,10.6366449868999,-8.93329226255196,-2.12641090040578,23.2997110842946
132.0,-4.390463743356316,0.608230815073161,-20.8896072060596,-9.10976702260908,24.5875549116341,-17.1284347486106
133.0,-1.3818115725911324,-0.6626141442887561,3.04949289746066,0.502436491241399,1.94137976358801,-3.7159377305988
134.0,-3.053209195778308,0.5231617200528957,5.21380735909198,-13.5141691954505,25.5803679953526,-0.934330767556413
135.0,4.694004981196175,0.566556555102669,20.5381178215043,23.5139098560172,-18.2220081684394,38.9266932953381
136.0,2.72060909150302,-0.5221254717052444,8.55462513058706,-18.2137057823386,-21.3318873413538,15.5023603303486
137.0,-4.277178869891953,0.48794982960868655,-18.3274905017018,-13.7311147963906,32.56093758478,-9.35844708596983
138.0,1.8962922297222315,0.3794499372669372,-10.6246550916388,11.2185258326681,-0.0022106057384849,28.2809641917769
139.0,2.4457368054960207,0.7310999256932602,-0.449210705467905,-17.3274414859687,-2.99704126157425,28.7312844961383
140.0,3.461867836892822,0.6512242005988816,5.74508458110315,-22.5038760198135,-42.0669724608361,0.447279514975194
141.0,3.2196549587333094,0.03257863302657063,22.4024073798637,2.48211548442628,-6.78518680381733,34.4730787515331
142.0,-4.036048955707987,-1.3546617060392079,17.7870201431237,-2.76129827401723,32.9018708350398,-0.0470532587339377
143.0,4.119434537854308,0.14107973535294127,-2.97922447731548,27.6524765471739,-18.3990905360202,32.5113519037188
144.0,-3.799482649845809,0.4237235617749921,11.6086694127107,14.4068151538793,13.7275416701025,-20.1398218256782
145.0,-4.323105965026881,0.2721842091872111,10.6467842136524,-17.6279384650736,0.0002741740299977,-37.696140776398
146.0,1.6751853995226256,0.49274730664763633,13.5035253386838,0.798579703138669,-3.2632978011554,21.4979259279516
147.0,0.6462715623979848,-0.5106126920483469,0.673117536392763,-8.21717005682455,-5.04018632985781,10.0516238969062
148.0,-3.4500547321554245,0.469139955787598,-14.650529580855,-8.2498607872372,10.9404667848342,-19.836680092864
149.0,-3.8913779780107274,-0.07637866030244556,15.1627810561084,10.3548398081551,22.162035582789,-11.447864299246
150.0,-2.1851918881217784,0.3074170005576265,0.780293599989405,-8.29222815879508,3.03017079080893,-12.2157048497946
151.0,-4.51596799915294,-0.8809242765836375,18.3007518789164,10.9868439099358,37.5708827753018,-1.50170233884058
152.0,1.5176191960081162,-0.676529536003189,0.325865399734339,-14.2938758042528,-19.4379136509478,6.73364890736223
153.0,1.562534307392012,-0.3320345682232958,8.52689708054785,-11.0966380001418,-5.54335918823178,20.0732258604809
154.0,4.669645576151085,0.9411479187113179,-5.48557211491747,-28.9446855897816,-13.2640216400738,40.661982771022
155.0,-4.028137157150028,0.07525175518214736,-13.6473664725321,-14.5825184492506,30.1759252651682,-6.38347699580442
156.0,3.649691551895533,-0.25678746492225857,9.44021141526234,-24.4197495951571,-24.6618349524261,23.2620592445334
157.0,1.8170671341413573,0.5957590676008205,9.36598020000347,9.27488650354949,-17.1860933517143,6.94200579334008
158.0,-3.313645215231379,0.35571524939020477,11.8367078351751,-8.80899986632739,24.5720366873382,-2.43656810420478
159.0,1.9673993878740978,0.21742089009926546,-1.77500656691255,15.6602956149588,-8.53749875937018,20.3120276480021
160.0,-2.415223509356956,-0.04299935190652596,-6.87010521050809,7.46697851602002,1.38193662064303,-17.1913462202937
161.0,3.422672155497103,0.4264561642363702,-12.2006548053974,-20.2084573483093,-21.0270317889179,22.1832477404979
162.0,0.624827481759654,-0.6328688647690116,-8.59023284453499,-2.35967974943157,-5.18094368227087,11.1258346049868
163.0,3.1485208527748187,0.38335370707034216,-8.96668803421236,19.688757255969,-35.4029911280445,4.19857137904753
164.0,-3.8965277422482645,0.20485581579295284,-19.5028427324397,1.32233951064039,31.6517258922507,-4.12995291675761
165.0,-4.357319224709911,-0.36757444675466777,-9.59737892362704,19.8575000893188,8.2481803598125,-32.1235154598552
166.0,4.014704455027844,-0.04058884906564096,7.03568287439893,27.0869648984799,-34.4816893346233,16.7459575722138
167.0,1.2425065053829984,0.27647532260546476,10.5033146838289,-1.51278288549857,-5.7454159034384,13.6791667301443
168.0,4.160528867131067,0.13465153065816637,28.170343675947,4.57738081058094,-44.1126241986407,8.12914511929369
169.0,1.656606841124416,-0.33788000493701753,1.97395946734744,-14.1043918777591,-16.9216151996187,9.14792245196322
170.0,-2.711080458869622,0.7487123627536705,4.52326642461246,11.7887178334403,18.7599352469627,-4.35310250996144
171.0,-3.1999725295197408,-0.5505251470498602,14.8169057097485,3.22790882542816,6.75823411497388,-21.0000780393613
172.0,4.697343621638989,0.15231793522580098,1.73462041950577,30.8544783545523,-0.0209802195490965,56.5469471214412
173.0,0.9852415748849822,0.3020749004859541,0.352119089628482,9.8009320709559,-10.971591513785,6.98046897060648
174.0,-3.471981321991392,-0.531016486786357,0.564160899540137,15.7874756806677,10.3932966588057,-18.5239292775778
175.0,-3.8611565511645023,0.7369724780355519,-12.2338981490585,14.7445213509051,8.44425618927751,-26.6261484912382
176.0,-3.700415544180715,0.8335088715376061,7.09479826205658,17.2367558508632,6.1273391095356,-27.9925746618089
177.0,-1.023285651037818,-1.137681124824276,-0.154491324367191,0.0550075304731939,-0.0262472987563363,0.273938164529095
178.0,2.307813899515638,0.27211075439725346,16.51797710627,0.890166642162479,-24.9095178077744,5.37031051183362
179.0,-2.4024239816372885,-0.87973124154441,4.03266830705228,8.69183476695162,16.3752439626341,-1.16407687182171
180.0,-4.139986643979143,-1.3690628196890968,18.0450711847858,-0.648094210139195,32.9094392432104,-0.143138806464695
181.0,-3.6940154134266936,1.0937502713655491,-5.57602966393668,18.1320152115112,0.958207152247197,-33.7662019778385
182.0,-3.579218047757281,0.7600965292258396,-10.6310744708952,15.8797323160455,5.88903189923208,-29.0912792054052
183.0,-0.8235401419671453,0.42084436868047453,-1.22022812289995,0.501425163450096,1.06611426761662,-1.34873120084419
184.0,-0.0843525369076184,0.2684038334489586,-2.54180779332032,2.18660253102435,-0.129407554860141,6.0080563129085
185.0,-3.2236776143498327,0.15086030603439463,11.298648172894,-9.44704753867412,25.2383421585595,-1.72059465377894
186.0,-1.3204001095067248,-0.13038257167548922,-2.22572548377299,3.37730750173413,6.00250131325955,-1.40137687124886
187.0,-4.76553476533203,-0.6186724884534635,15.9470210006353,-17.531440340289,13.8689132629862,-29.5124439054869
188.0,-2.9496781026045897,0.5194144921243457,-10.7096493137482,7.80748667045195,14.2325207360801,-10.0277222051778
189.0,4.707271145877147,0.7585967604319593,-2.09785630883396,-29.3294175126683,-8.83832455673198,44.9859750227288
190.0,-4.273802343611888,-0.5734798905956877,20.0578236363695,7.00975969144743,33.6286763689081,-5.26447209352818
191.0,-3.218046098010422,-0.11643439083456829,-6.49489007215758,-12.4909729682312,9.1423371940751,-16.6284338654183
192.0,3.716677598417396,0.028023605814611247,17.7679074514149,-18.9775434790102,-9.50645483759882,38.0807937044288
193.0,2.865802379849482,0.37822787887841297,12.5003802597502,14.5305627372741,-8.92180682467547,26.1642434388258
194.0,4.642567632489039,-0.7310891826625138,-27.6994003405455,-17.6840878080965,-12.1083933996793,48.0471187660923
195.0,-4.885527391812929,-0.9326636141221369,20.7989942924383,-11.6782094138262,4.29893380619081,-39.3641936054573
196.0,4.2457260869514135,0.16255064432687957,28.5470158407231,1.57750736475171,-40.3757013444079,11.9589843958337
197.0,-4.312792381864796,0.4603746826915901,-12.9652637643097,-19.0690534866789,40.5120278692185,-1.69756098227723
198.0,-2.0926223732655527,0.4050123270736604,3.20906282606709,-7.83872997938364,0.632784413506382,-14.8717569167785
199.0,-3.778556697704692,-0.5209858324169547,16.7122181717769,7.39080977163053,26.7830684257274,-6.666424238519
200.0,-2.8801130966511517,-0.9644607310645554,11.8457220957903,2.73878017583872,1.51882319762679,-20.7366293007403
201.0,2.693035009167187,-0.1749148470799508,7.33948972302268,-18.7705648656735,-19.2290184687648,17.6634711408011
202.0,4.557795491322928,-0.6197476556452002,-29.2803660660822,-15.020475817702,-16.3462882623861,43.8919041577966
203.0,4.531392305997302,-0.10742284605161818,-32.5374110052878,6.76791508783665,-50.4034642928015,10.430662640935
204.0,1.879224313808005,0.19025166929435364,13.3952609775888,-2.6133805216392,-0.562250535466466,24.4199018943218
205.0,4.287456432796221,-0.10325683355074493,-23.325302087061,-18.548225951259,-45.1821510032894,9.36842250509834
206.0,-2.649459710434324,-0.4429613479869405,-3.89501970540888,9.19094155688841,5.44149606501205,-12.8308230766336
207.0,4.823124740487924,-0.6880813307450475,-8.04815201232512,-31.490205282542,-2.23428929596235,57.2609484603193
208.0,2.655448405265556,0.2185295004458897,0.368109162289341,18.8327694068401,-0.208179947681391,34.2715578934534
209.0,4.708975441448441,-0.3702575579854103,11.2481138448542,-30.1836930281792,-26.0842926947464,32.8783107573447
210.0,-1.3083446106437142,0.6998243509376664,-3.93913088146184,-2.76339430023762,2.94774224941303,-5.86013787805413
211.0,-2.4251383039536307,0.13920132569390775,-10.3253681697216,1.70244026296904,1.73933184570981,-17.4163116044275
212.0,4.475816459585266,0.5511889923359397,-15.0301811101547,-25.5293393251742,-29.071525282767,25.1570715626962
213.0,-3.658376747903445,0.8138699475694243,-3.36505849297952,18.6109833045599,0.133110314521149,-34.4864562968517
214.0,-3.8854101471214655,0.29439873599740746,10.4986599905752,-17.7119487500818,0.003733000432619,-37.6854264394085
215.0,1.5363263113919228,0.07575230068339112,1.85445474923092,12.7373826195408,-23.5614299119821,6.10164099357592e-06
216.0,-4.150809650869537,0.48604111395853206,4.65007048089272,-19.9072875408559,2.8210252001489,-34.599948853356
217.0,3.501123135041872,-0.7267522254011183,-26.45293137049,-5.4725239541724,-26.3534476126845,23.0936502844743
218.0,-2.5910768899893837,0.521182190596294,8.37094705531086,9.21409523291839,11.6398877405271,-11.1474645861143
219.0,-2.3136850144331453,-0.7988734114955865,6.99780726079994,6.25626852121133,17.0226896141836,-0.159555857929724
220.0,5.04254571056522,0.42885582770685937,-25.4749563371136,21.7147599439315,-61.2639474160249,0.0096761925068407
221.0,-1.5526896521019014,0.63507551792019,-3.91267971857563,-2.80980556906901,2.8706309803607,-5.94693875017256
222.0,-1.635907348453842,0.32868051859029684,-3.661461929639,2.17952898639298,7.77696508164949,-0.0228567404903349
223.0,4.50802537513202,0.3637675830527121,28.4469132819159,13.339244389921,-38.7937469071036,18.7186018610474
224.0,3.992676925289781,0.08029626847505773,25.0568220535784,13.3314883106484,-51.2369838208931,0.717046954307312
225.0,-0.22880322064439443,-0.16571816004856804,0.904703897172727,-1.82709559324979,-1.1566986857097,2.57532751760633
226.0,3.3208247610352633,0.6168461829064408,12.9889787220809,-19.052175547587,-40.4925481465142,1.71593315087552
227.0,2.630917797102445,-0.9179595591266619,-18.6038173837398,-9.4385018774128,-8.36146292318048,29.8246054661768
228.0,2.5963461541582746,-0.7091405239765076,-19.9965123803083,-6.22030779407998,-13.46319473589,24.8702398472219
229.0,4.735135386339176,0.6241798705244949,17.5222099048394,25.7696992872256,-12.8251945516556,44.2174917117647
230.0,4.004184624503597,-0.03699437160581759,21.7443392554303,18.0883830083516,-51.5749434672005,0.199258345802289
231.0,-1.9544182792122413,-1.2138356664557803,5.38177657845919,-2.25348079994644,9.65145519210945,-1.02857320294734
232.0,-3.04252206322615,-1.2486559274633557,10.3906538162968,-5.61695594059202,2.82739027274245,-18.7937524055731
233.0,2.5122304943255704,-0.777157654364061,-1.27677424862497,-20.3231700529754,-6.32182843026165,30.9528256305215
234.0,2.9472835285079624,0.4582024010665193,-11.5582646703843,18.2096797809381,-37.7588227425242,1.7214460422629
235.0,3.115829386765422,-1.1533001983815996,-19.7635861776631,14.3077061800859,-17.6462712254142,27.0157459455596
236.0,-4.313183375969525,0.30459434839301425,-21.6441228673652,6.00827847726317,3.0700801084084,-38.0473953413303
237.0,2.6331766282618263,-0.3154363522723313,-21.0501023263041,-0.844139597854409,-22.2929363830386,16.2699871422409
238.0,-2.2133058505396437,-0.06457912106349739,-4.27874464554725,-6.77600016256272,10.8935240493409,-3.77573479000283
239.0,4.096525388008433,-0.6980480774204083,-28.8938196913545,-8.04532184832326,-54.5848647633591,0.316952589008407
240.0,2.6091063826985734,-0.8570410149213159,-7.37949006594325,-19.1360236099998,-0.912192902725716,36.6304040050916
241.0,3.918988229379721,0.023895424594446348,15.1068955190665,23.7360233431372,-45.9594356164556,5.54260092107392
242.0,2.090979939213772,-0.15264491393672977,6.60208126316576,14.594518584126,-21.9873991438291,7.33398888148822
243.0,-4.078726221226117,0.36063942405891464,16.1213753691618,-13.0788711105076,3.33674931945319,-34.6632064465079
244.0,-2.5958752177297115,0.7353740195578021,4.06760735045933,11.9732809833895,19.3879581030805,-3.75920056446119
245.0,0.4742837305180644,0.35560481249909,1.74344545999296,6.67629365656985,-0.0521919211117574,12.5785048398596
246.0,4.476662523250514,0.8833806713165542,8.8220845719016,-27.8596436143425,-0.389455728637379,53.103049494593
247.0,0.9506885799220465,0.016215374430557015,10.4482704951755,1.00960209757626,-2.4476037118596,16.7669076485676
248.0,4.590596812792736,-0.6511316139627613,-26.2729318428209,-19.681539200452,-9.09786947778014,50.9920529248317
249.0,-1.743722091217977,0.5239075648201659,-5.42259094829993,4.7176439494229,4.07642909574966,-9.08026517187082
250.0,3.153846778830304,-0.0031879815621697204,19.4339999746818,11.0279680216854,-0.154193730877871,40.7479482719853
251.0,-4.70393486850532,-0.6459609157472642,13.0892756776818,-19.6698955369965,19.3800737754147,-23.8688131099337
252.0,0.690322670496702,-0.3306432624370423,2.62535115250707,-7.6903832167922,-8.14632329594826,6.72851127127481
253.0,-1.7056238353881112,-0.7870786363400649,3.44879601725172,-4.39968317989817,5.34962796972866,-4.88333967619132
254.0,1.8889522697371908,0.18684447247137173,-1.33838150712656,15.7170685368039,-9.19726589450294,19.6767564747337
255.0,3.5286155214225174,0.7060490917641671,7.77260767870914,-21.8396649018288,-42.4129254268202,0.0206224595730387
256.0,-3.3625107707116486,-0.6535477026924853,9.64194443947012,12.1265937276112,0.203071143408338,-28.1559850699625
257.0,2.869583301798845,0.14990022224390165,-3.15093782714539,21.5404399065807,-27.9095917518727,11.9395399102525
258.0,3.788831107554253,0.5463930243567828,25.5456460697254,1.32337836323676,-4.09434894850668,42.7293467651123
259.0,-4.079181842800796,0.14664880281344128,-15.851244737351,-12.0163245083575,33.5905079922399,-2.81982144489041
260.0,2.757275161147684,-0.7227112502402792,-20.8618443455365,-2.62420001422469,-19.3893620145376,19.0989211355005
261.0,-3.374856863629048,-0.6537395822801504,14.4564181381676,4.73940063156638,4.76053448528359,-23.087552055734
262.0,4.604719935602337,-0.13935026393849262,-1.81996231876951,30.7942397144821,-0.377278450280404,56.08955808471
263.0,-3.9213518081396734,0.016521908917802215,-19.2163215206569,-4.26941890934472,35.7062537921278,-0.3266982736297
264.0,2.768747431252944,-1.1428325036874047,-24.0394208247104,2.23373193192491,-1.94076904284877,42.2526529169698
265.0,-4.916671391827796,-1.202716008302265,22.5097369079581,-8.12848847498006,1.31751177607371,-42.4904835820988
266.0,-3.4241097030951066,-0.020961461983005743,-11.4374997190859,11.4596721122344,28.3712822538608,-1.2656924330676
267.0,-1.336011281556207,-0.8261167665022408,2.90395896634903,1.41282675639653,0.780191472519109,-5.13119486099773
268.0,4.826859387975339,0.2761287536258394,-23.5212312661048,23.8757158190615,-60.8662646273788,0.483702919916534
269.0,4.457365105495651,0.6874749299826582,-7.02281747892305,-28.6368571936591,-15.5021688529027,38.4705168524673
270.0,2.021354577973287,-1.2066947088937756,-17.6174684631461,4.54798741437901,-30.0285958046691,3.27719668089728
271.0,4.980635166847035,0.23152423532445843,-26.249376315816,20.7432696246776,-61.2165229051848,0.0245220452459983
272.0,4.623800800957946,-0.6229710300817224,-12.4542478713216,-30.0953845455403,-0.293962084190437,59.3260222965949
273.0,1.8181744137255702,0.33715305489415315,7.14373352854433,10.9561399653186,-20.6529313082132,3.28869572910506
274.0,-1.3070074598353623,-0.05344430680195676,-3.48499672296234,2.39681029437279,7.64617141948029,-0.0961428849033483
275.0,1.4737996195173184,-0.029430418271884636,-1.35906678080465,12.6785275543314,-22.2182943926631,1.12255044783073
276.0,4.538189657087834,-0.01964723904788374,28.9146328561564,-13.3228211342392,-56.8586659008939,1.41739265483156
277.0,2.7285623294504235,-0.7484798773654887,-5.01240273673877,-19.8281263942474,-2.51575502312951,34.9211325451533
278.0,-2.280408000258155,-0.6395033334551221,8.04205876836888,4.64707095778544,15.7313358030756,-1.27053309780639
279.0,-4.2915801292006295,0.3882518008299708,17.7535129214504,-10.8809287621225,6.23706430181035,-31.8785003640991
280.0,2.579041114499839,-0.6771331404814044,-7.02251417389835,-19.2604820373895,-1.10803322156284,36.418388078217
281.0,-4.305508540928776,0.33395861476796485,5.39670789695157,-19.7365909691694,2.20849451960009,-35.2453365400581
282.0,-3.1387504577841856,0.10884425905729961,10.8239630731425,-9.95401148689566,25.7035048395465,-1.21403471755352
283.0,-1.2811804915554204,-0.02438058396145141,2.83814700350219,-0.63097383941564,3.57724277031827,-1.74479015095753
284.0,1.8710524821591497,-0.13696193400167514,6.40784843297464,14.6739835315437,-21.6850536903208,7.62483975920071
285.0,3.784307849906025,0.51970181854271,8.75836302908008,23.4402460290707,-42.9715196103622,2.83290368496887
286.0,4.099770896486765,-1.0673476287471135,-25.4622641834921,16.6087634941156,-34.2157890186394,21.4315772958059
287.0,1.623356106797619,0.4338423483979781,12.9995775600987,3.385856599574,-6.57124155471456,18.0182145980946
288.0,-4.276503683687663,0.0807201420185878,-16.0420798997066,15.38319239608,0.987775131249565,-39.6964744821282
289.0,2.1770969561976004,0.3137775916677252,-11.1430324750549,-13.6857803275992,-19.4864610517595,12.8188083475855
290.0,-3.880286517825215,-0.40774714010784674,9.34587700046665,-14.9010596055512,15.9651710983152,-16.2320097336727
291.0,1.0777765322243988,0.20712471000071622,10.553048647478,-0.337383865368687,-4.08242251372754,15.2446729944234
292.0,-3.691435617025031,0.6792967658268632,-9.74906022983167,16.4059999953134,4.70082283130543,-30.2322986191152
293.0,2.282699986339609,0.35600504047021825,15.2574615302918,-6.96763946878642,-13.1335355311781,17.5694861999579
294.0,-3.5982533527746936,0.1120536235393878,1.99446857669447,-17.261143499845,4.61101097353499,-27.1955228112928
295.0,-4.298676513330146,0.49181734907763336,14.2766287985987,-14.9862630571515,1.32974675552006,-36.5578210424084
296.0,1.429951428792929,-0.7013467976331865,-14.9666951727578,-1.27456234757677,-13.5668801527397,13.9286341748739
297.0,-2.607463136860503,1.1038949100735396,0.0659412154975297,12.799718150611,23.0247264332005,-0.405311401995036
298.0,3.2151634451421516,0.3214658106511675,19.8318729052449,-11.3323033385964,-28.4489913319574,13.3616996648443
299.0,-2.612461729293566,-0.7188685881716457,2.93541086827048,9.18401840342998,15.3376317145186,-2.3114246686729
300.0,-4.691438505244547,0.01873642755094594,2.04031527498985,-23.2981858504936,36.3561313043269,-6.454133944874
301.0,1.4501517649496776,0.40452183939853426,9.50542660040083,9.14202024717147,-16.9135374107466,7.22737361644278
302.0,-2.450895373793164,0.7409038928935963,0.856597556366244,12.7414130049844,22.5737044532431,-0.801943744826441
303.0,-1.5022067915806732,0.059294577352219435,1.3864178406817,-5.214988834906,1.89033565352647,-7.98722151916911
304.0,-2.6156118167736593,0.8004093204061971,-4.19678253269045,12.2621509277246,23.1067332002574,-0.61721596856433
305.0,-2.9940029409051463,0.07753516282136998,2.64856873404392,-14.1515024729543,23.2619967523666,-3.09193735720085
306.0,-4.315974450487089,-0.1091076364231177,-18.7140254354375,12.1572062957036,0.0031708171685586,-40.8463441229316
307.0,-2.1915976110970687,0.46437330951039235,5.21498409421769,-6.83387140627642,0.0119978591229828,-15.7235817228161
308.0,-3.053424517102334,0.457551541263641,9.77328828855459,-10.9248287635079,26.3913787760996,-0.440664729474917
309.0,2.5871183716295905,0.3388989771377142,19.5199608932273,1.12650684639204,-31.8591473449911,3.93135311488615
310.0,-2.439119146355192,-0.8648906998509565,3.4981178609335,8.95226828304133,15.9061521259833,-1.68748574240353
311.0,-4.033278677746817,-1.2106473944088698,15.6444875366908,-8.5613357245038,28.9716011144071,-3.67305536922892
312.0,1.014145748254683,0.015550557429776516,-0.816733341512481,9.71556158428877,-12.6792733252917,5.1676712685405
313.0,-2.8469738920184167,0.14824884763206528,9.01552615537589,8.5318879480109,10.1039076635428,-12.6172178760736
314.0,-2.6141240417029876,0.7233275688942046,-7.04252279918965,11.0163496544879,20.7751646080976,-3.15856469848025
315.0,4.206445550520137,-1.2746270704269809,-26.4352907384203,14.9502335473865,-37.1410534425277,18.4507736673616
316.0,-4.105014503729018,-1.2038086400489223,18.0472804562971,-0.612186085810812,32.9034920630717,-0.150833812604933
317.0,4.7848700570044524,-0.8465421316739188,-30.9226638969079,-11.4252015698799,-22.2928251030213,38.0507337698257
318.0,-1.877012362267472,0.029867778338892516,5.39629230858923,3.21684288271533,8.81573422862654,-2.68404885399662
319.0,2.4458678490221666,0.1459143259201913,-3.05005594009344,18.4988980037423,-1.91283763695821,32.4063453481742
320.0,-3.586523023523974,0.5559121136762897,-15.2719588128576,11.7446791626377,14.9230304058845,-20.3427402742394
321.0,-2.8962948663544297,-0.6290746698243996,7.06678628915598,-9.21146671523072,9.64775139992664,-11.6040918150446
322.0,-3.4514533678772037,-0.7182506780167686,4.82221273255151,14.9039478859688,4.34057214624397,-24.3333854418918
323.0,3.9793973645805623,0.1970766118074703,-3.68331572514451,27.5551622971255,-17.3017596287912,33.5862528341393
324.0,1.5660893705344474,0.5873915839928359,6.99461965872081,11.044418604138,-20.8320155473269,3.09798946744789
325.0,3.795008036739813,-0.2255253630518881,16.1989920592366,-20.3827897961321,-12.3636740973883,35.2946288921578
326.0,-2.2388618393127198,0.6080807441655727,-6.06554152499021,-9.19652792604367,18.8878644956881,-1.27800653156494
327.0,4.69415026301376,0.17778222381221828,25.7428630408315,-18.8948664914033,-52.1947352065217,6.25807123683126
328.0,3.4763696580230827,0.7426635077157377,-7.2084955374271,-22.3618352769749,-29.4648589811774,13.5424134177406
329.0,-4.377732397545976,0.5856119085226088,-19.4886229841393,-11.9410132863267,29.5029765796898,-12.3345502022108
330.0,3.696872879295495,0.17806963831504596,25.5390312331862,-2.37428433563874,-1.39790867494034,45.5525614125913
331.0,-2.2372059134375726,0.22930541106898028,-3.83021809392039,-10.4477676486456,20.3158779709314,-0.0532988274881671
332.0,-2.3232828517399504,-0.6722740349202797,8.97104207491047,1.67029251490665,11.7607552283067,-4.94283118445807
333.0,-3.730524215674926,0.7785146072289459,-6.15117881906255,17.9610758623497,1.29988477391679,-33.4522631431257
334.0,4.329985878283837,0.6433665910514343,-18.1517544395656,-23.4892500045674,-35.0186337330343,19.3203756556956
335.0,-0.9974264581710146,-1.4351514678843382,-0.074230553006038,0.0117322044219364,-0.0025869046275679,0.134977866206619
336.0,-3.1376354015896673,-0.4726340481794474,11.3930925260039,4.43924841175441,3.25046645083981,-19.1316520675484
337.0,5.006876469955434,0.3459749384853188,-23.0473318212388,24.3466460604602,-60.6753301208967,0.692127112677067
338.0,-4.124787902794536,-0.1787293775787493,20.6451811541863,-3.83418332967272,17.3931705210118,-21.0437795228367
339.0,3.3240051088846245,0.5567903253140116,16.7791411803371,-15.6612283035848,-35.7217325950299,6.29239306505716
340.0,4.4410433388518396,1.0333862739977728,8.05596352300416,-28.1044744818819,-0.639994339184367,52.8766561633728
341.0,-3.4036951109430844,-0.3686841835264057,7.5478410427631,-15.8264884332311,12.6959458486654,-19.4001643432895
342.0,0.7094447766643358,-0.10536531585971902,5.75227698949952,-5.40377301262315,-13.1048462677426,1.342034212017
343.0,2.030484598019432,-0.21120315573972626,10.5596868499606,12.2276490981061,-27.4479024956993,2.12580002985912
344.0,-0.553488344358839,-0.15447673893192618,-0.166425942101211,0.6009311337164,-0.943572041820551,0.197830366549844
345.0,3.4024341498851975,1.0345689203938466,-2.49481360179502,-23.2633026135479,-35.8379811481884,6.98938203122296
346.0,-3.142801902620233,0.3809081425081499,-16.5329692432944,0.695629400553051,24.6765685723794,-5.61360488011181
347.0,-1.2999168291136518,0.6181870554743105,-2.81161833217426,-4.11548471061021,0.803133507934599,-8.32041321760017
348.0,-3.369049144401549,-0.11705918547998237,14.4904810590543,-3.65067577529497,17.3367212528385,-10.0167605986465
349.0,3.001657575100108,-0.1867366409375715,13.313864703453,17.7001965249754,-3.49846631591651,37.0440867782149
350.0,-3.53721519180561,-0.9158717387540621,12.6790990639894,8.64989866756636,0.889291497947671,-27.2061787443668
351.0,-3.5461912190937297,0.5609104900035342,-12.7406256825415,14.330830344897,9.36596489748994,-25.7343825347916
352.0,-3.6287288454427657,0.7857913062022118,8.51091950021634,16.5375900421765,8.17287743706558,-25.8726015830134
353.0,3.805118546319442,0.37140628002936266,5.76770634162083,24.2879737954136,-44.7783140192789,0.916911329318411
354.0,4.683050425359822,0.4507047161186465,22.5300240525462,21.6729668794572,-22.4153592434623,34.8095479639768
355.0,-2.8509702883064767,-0.6486055743724647,7.53041249978103,-8.86772065937777,8.74893850939837,-12.5464542067434
356.0,-2.5915260252300056,0.42388009210165717,-4.16115884833259,-10.3036585499377,20.2119868634766,-0.128728622453057
357.0,4.77338528339239,-0.5378046569032833,6.12321898175597,-31.7050922103988,-17.8625263371675,41.2456960475042
358.0,4.5762370444073275,-0.41570748055337825,-32.9485064639908,4.02826113661478,-46.7878530265611,13.9730622077275
359.0,-3.2171442202903138,0.3403101960681372,-10.37444125166,-13.4753344884827,2.47987502659486,-28.6499177019297
360.0,-4.123983767107399,0.044119800343068886,17.866350227511,-10.7040407603806,6.48984147454004,-31.6345625732568
361.0,-3.5052047390038843,0.5339322210595053,7.86105824080542,16.8770321188269,7.19680369861221,-26.8832425523259
362.0,-1.8095616746254661,-0.5122682355624006,5.63150503394926,2.6825059579415,9.49773103229089,-1.92041753807381
363.0,2.2316648188530097,-0.7305280980114928,-10.5044522877614,15.2748366782406,-11.5720435958552,22.3618690395947
364.0,-4.114758128348605,-0.7368157369128333,17.7185950918954,4.08075187732086,30.4505977857659,-2.83213657100022
365.0,-4.487647197337216,0.2517870027852756,-5.21382529687813,-22.6444982357075,41.8894707843151,-0.645537176005735
366.0,3.867389916585331,0.3635825641278819,24.288816482592,-8.60467325269683,-0.0913318976850749,47.0765756916833
367.0,-3.7335488885060517,0.7498120181354485,-6.6761444244232,17.7875334917869,1.65877763178011,-33.1189115546113
368.0,-1.1714510351871994,0.061828383439628834,2.4400978686019,-1.32052629852278,4.42717754021307,-0.651516272514074
369.0,-3.846429646467036,0.2534873190107456,13.3262715364505,12.745022905482,17.4960696558861,-16.2577031323317
370.0,-3.6268720780654236,0.5168589449904512,8.49294700859464,16.5474204049512,8.14502397194956,-25.9014212920657
371.0,-4.195579854684578,0.2663793610630301,-5.34468360506395,-19.4850880459721,15.8774014544946,-21.1072529894418
372.0,-0.49479454416084717,-0.3328123058770759,1.16650305151051,-1.56536991029598,-0.626155220638555,2.94733579548652
373.0,-2.361539226845156,0.39614756792406586,-1.05737195223566,-8.15377883438536,5.62261031500035,-9.42775554551639
374.0,-4.433140462217413,0.5126032326120533,-6.04655593083476,-22.4180530945877,42.1521227069212,-0.350286342865846
375.0,-4.78198816865461,-1.026095780885525,19.8807057541551,-13.1186249051952,6.06070963181026,-37.5395244680472
376.0,-2.534866648812702,0.6532641199559852,6.28185892127083,10.8658709542972,15.9182621581562,-7.05628418873962
377.0,-2.5818204474328863,0.11590962815863877,1.15350400056341,-11.2862345085153,18.3707192579688,-2.39621524205728
378.0,4.561631557287202,-0.674359821010395,-5.79172490227023,-31.9476741713948,-3.84642314849688,55.586611561925
379.0,3.1435237530305717,-0.4878561827518016,-14.1739524710726,20.0531338063777,-30.5168791449528,14.4337688393783
380.0,2.6814105212353194,0.31811388917011074,18.7911703011134,5.0368917272048,-26.9094888665816,8.70177164868344
381.0,1.4244152434208082,0.41513423371922753,12.1858130523868,5.46083885534441,-9.88961648774705,14.5537216953586
382.0,3.9712165569277005,0.2972051698449796,-17.603163962523,21.1685006225935,-0.851674306409581,49.5441759328371
383.0,3.468562087510292,0.5574632132006944,17.2730464508842,-15.0907968093445,-34.8085846527317,7.17668626626344
384.0,3.7866438489699656,0.38814973272358716,25.036226697829,-5.86983735522646,-0.130459915684542,46.9407600923646
385.0,2.045367812035899,-1.0101844113323075,-13.7658399151287,12.2428356601517,-18.548206203194,15.1737982157826
386.0,-4.686988251537273,-0.5235348937992172,14.9516934729056,-18.3539578229238,15.8198212814769,-27.513700262618
387.0,-2.6771944513294077,0.7525598698816689,3.4735676274592,12.183723798634,20.1407636565216,-3.05006359796166
388.0,-2.634384745854521,0.8991292730556585,0.114235144907555,12.7975686455133,23.0009890189314,-0.425736509140072
389.0,2.8390156902963617,-0.18047004864519914,-20.2041674308802,6.54011239188627,-33.0591442388562,5.8136858664703
390.0,4.873921757644154,0.2701042220945157,-23.1392180557643,24.2567939056682,-60.7149212967576,0.649172034952395
391.0,-3.264457945024617,-0.16426943855978984,-12.8128078568651,9.99496598276718,29.4525971587999,-0.29310374552955
392.0,2.121481445642669,0.1718685586845975,16.5743291001666,-0.588388945995537,-23.0433270107322,7.31489032954086
393.0,-3.647172075152159,0.6777345630612004,-15.2366337109546,11.7881925486322,14.8330520576699,-20.4301662972127
394.0,-2.7577483340267945,-0.41869730684912543,5.5450060616182,-10.116596905269,12.4114272850216,-8.70613655643302
395.0,4.147190115989365,0.18213589083031706,28.5813068244851,-1.98736430878596,-35.3425398239268,17.1015153445757
396.0,4.745536114978101,0.423155840811829,31.158483149369,-5.94024336515879,-57.8740630565725,0.188406257271407
397.0,-2.628530670119702,0.08369671326153146,1.90412554648823,-11.2163409579124,17.59541320889,-3.22971331916082
398.0,3.3682516916254,0.9058249346369258,-2.81876452400378,-23.2329900051652,-35.4576546476596,7.38190842957989
399.0,1.553930848337549,0.23993252116099778,13.460592013233,-2.15127818652506,-0.805032836379571,24.1471089980423
400.0,3.330349296977562,0.16709900467060793,-19.0575132459267,-14.2413879190459,-7.68001192281606,35.8689006443063
401.0,4.7414074519657,0.17656974940859857,-29.2804005388564,16.0181976340633,-59.3933690984116,1.7000878680884
402.0,-5.021290071637744,-0.8885302331778389,17.3634068935,-16.1877465311603,11.0559063570192,-32.3976914274425
403.0,-4.383585996881456,-0.4638897238467226,-7.03567487066117,20.8398057014258,12.0318656989348,-28.2304689598343
404.0,-1.462371485813223,0.6851769861727653,-4.42592054899647,-1.50863674938603,4.96201012900041,-3.59730769945233
405.0,-3.0595305255199357,0.11275126858736477,10.5581165495357,-10.2180055751988,25.9194157291415,-0.975766822798495
406.0,1.685980560387462,-0.04234405987050429,7.44223692672162,-11.9060442912669,-7.45060645521019,18.2506915132406
407.0,-3.6631076664925337,0.7958454461273166,-1.49386036823318,18.8057607950968,0.0222156623530071,-34.5099368030457
408.0,4.04223252970496,-1.1559236643643547,-28.7483174965113,9.49629286746912,-45.2691974768121,10.1509257253803
409.0,-1.388803547411343,0.10451929814908278,-0.230301134259367,-5.24547034516638,0.329528343855804,-9.28149058277794
410.0,-4.6271757392952555,0.384608079107149,-5.98436667489175,-22.4361177680357,42.1354923844941,-0.369363710913578
411.0,-4.07827829320207,-1.024566525854764,18.0750099475008,0.0431472937776502,32.7599892322,-0.326188814637111
412.0,3.8775116098685944,0.39876369668565587,15.3815184506661,19.9193596462809,-34.9087971139095,11.1588731615552
413.0,-1.389952060613722,-0.749647413324673,2.70917195904751,1.89235012731186,0.325480394053463,-5.72361041391366
414.0,3.8935534445328637,-0.17934846224526427,15.076277677207,23.7547581524177,-45.9226529942522,5.57826409223212
415.0,3.3196545335766756,0.4568132826273821,-11.9001421538673,-20.3787441960585,-21.5753844918247,21.6220546915101
416.0,3.391704561242299,0.014496145274053459,-0.823200018371408,24.8220954790328,-45.0813655412357,0.380155306499458
417.0,-0.6855782350568738,0.9209502810544797,-0.403156152763665,0.872013670184027,1.69728290953205,-0.0612649627511299
418.0,3.8124717139771427,0.08205953625161798,-1.52238690713969,27.7960642578272,-20.7030580344193,30.2535530478095
419.0,4.709937181822892,0.3497065627617653,29.1808256960384,11.719506614334,-41.4514653401208,16.1105320123499
420.0,3.6338714890466655,-0.7434209730679631,-25.5532475882586,-8.58098921697471,-31.4070302932551,17.9347785294189
421.0,-3.813027382732128,0.2768128662210816,4.69692485177502,-19.8974381594188,2.78071276716367,-34.6423159855278
422.0,4.192716842007311,-1.0195272199547853,-25.7384100350509,16.1619485011536,-35.0244117740799,20.6077911351918
423.0,-3.548157866801146,0.7132646744953601,5.31102540689302,17.9183172038662,3.97420807038848,-30.235500818869
424.0,-4.027140720432874,-1.310732833409005,15.799462348878,-8.28993460245855,29.2964742790616,-3.3635525148798
425.0,3.727693798315089,0.023097521116073993,17.0041286774255,-19.6902738188639,-10.8902098070522,36.7322871320092
426.0,3.0030407756934974,0.21961625037859497,-12.3096517918173,17.6855911345927,-38.2732313027269,1.16975101525352
427.0,2.0571675086640315,0.14868942343606545,15.1988684286133,6.11871381479809,-29.3558140815402,0.635388570865873
428.0,-3.5161977261800637,0.8897084678578216,-10.1298867469997,16.1866512318716,5.19567482952204,-29.7576444048718
429.0,-1.0109908568110628,0.12799632101402836,-1.56091752101944,-0.683697587899614,0.0015489785211771,-3.11775780454228
430.0,-3.5528711086360176,0.7469449448425,-5.3183783514745,18.2022239475816,0.822410954620625,-33.8896458748585
431.0,4.843706081024901,0.5036013546556992,31.5844178285789,1.27265280500015,-54.1046797600721,3.75712383342381
432.0,3.8868492785883704,0.13557561232456233,25.5644435529762,12.3722538332659,-50.8066260946194,1.18094734945011
433.0,4.532292181956354,0.6897711875947954,-13.5058895855556,-26.3361116581112,-26.2767736837294,27.9007101556948
434.0,-3.857103372039721,0.7442325089110552,-10.6308383563513,15.8798819494128,5.88869379994192,-29.0916044715856
435.0,-3.5488557144366233,-0.6982011305667944,14.6643764144562,3.9530190406742,5.77397998782513,-22.0271632798482
436.0,3.769759170394684,0.2824482087146651,25.1338530440956,4.42894952369043,-7.34916901124058,39.3668774666047
437.0,3.6297870758805164,0.47988217723824506,25.096955909898,4.61390890416663,-7.57005958652242,39.1395021369537
438.0,-3.639770320993273,0.7143926507055937,-12.5017266850077,14.5294616967783,8.92425976768744,-26.1618701039695
439.0,-3.3877752773146823,-0.6688333616972667,2.26156782341434,15.5823144544217,7.81658626038731,-21.0055001390213
440.0,-4.443055951638186,0.5904446885604743,-17.3822525790312,-14.9594048244371,34.5954149106216,-7.3833199851253
441.0,2.779500733999449,0.15455133285382683,-17.9153157252544,11.6358652181068,-38.032001683245,1.07159907551623
442.0,-3.2672766526094623,0.3033937604451447,-15.8856846266963,4.24320357564718,28.2139208397304,-1.884093193008
443.0,-3.0444599510177524,0.406395112118232,2.41028588355337,-14.185899330711,22.9960340788107,-3.34322882903197
444.0,-1.90478826890989,-0.04607954363850795,-7.51538703612713,-1.15817560658916,13.2684535411456,-0.650767318529836
445.0,-1.3129147103783714,-0.5115738724283032,-0.825199771218989,3.77942151824983,3.62968982741389,-3.4514784450829
446.0,-3.4769371526286075,-0.7778535419081534,4.21246754636384,15.1080378078481,5.11188340696573,-23.5980598354561
447.0,4.10191357782549,0.33637302582951356,-13.114644938601,24.3155728148912,-4.5621628124921,46.0083856886674
448.0,-2.112903990674304,-0.41095463742876165,-2.16912698864749,9.65533064966007,8.14722938705658,-9.9672499018969
449.0,-3.7027054071019156,0.7668827209600204,-14.5919535640555,12.5396263325051,13.2585812968227,-21.9595142740094
450.0,2.5265517862549864,-0.6653951944217341,-1.9095968431487,-20.2884790793603,-5.58095477162141,31.7209961708408
451.0,-2.4200926050515146,-0.5566565004418214,6.58862637306375,6.73053853410602,17.2156074731026,-0.025035890431837
452.0,3.8753814718059876,-0.18096699016415774,18.385541575329,21.3882752870491,-49.4151535137408,2.2125985507633
453.0,-2.291696872406796,0.29680517850753496,0.176124819591878,-8.29218979705653,3.82436748303154,-11.3578075430966
454.0,4.645231374492776,0.09943074027654406,7.32414612684952,30.1127545956511,-1.80541089952194,54.9226146298838
455.0,-3.645939225913213,0.2509801586202353,14.4927915896913,11.3234593142551,20.3745514103564,-13.291583441661
456.0,-2.01583023509339,-1.288755288805271,5.87563288657578,-0.932546363045061,10.7687277681844,-0.121167309186296
457.0,4.269379853420477,0.8636002230056959,14.7748096274936,-25.0875479353766,-0.671960393101439,52.6225901606869
458.0,-2.878180329298463,-1.1919418570431501,11.6888181871,-2.48013795810354,0.306104421488035,-21.5664664300939
459.0,-4.382970482704261,0.1410774655986472,-21.6745142338429,5.90634138693976,3.16080680104383,-37.9608232704403
460.0,4.294195795689576,0.0878118432084162,27.7260597597069,-7.58582830692651,-26.5284297664144,26.0890721183742
461.0,-2.104508783688167,0.3924137681734754,0.713428988754893,-8.29438871982545,3.11483501142601,-12.1240016745383
462.0,2.4138621589464275,0.1459909218341404,1.56042265760415,18.8020541595768,-0.0171198740750235,34.5181326669382
463.0,2.7131837899331117,-0.2571137350504404,14.1543118529136,-14.0663558976323,-31.0068796707217,5.52072697183388
464.0,1.8610378389124607,0.4598470945570167,12.5192754272671,4.72801833755717,-8.65605070489334,15.8401166849724
465.0,3.201546357814906,-0.2860755375663774,-21.1996279155179,-10.9697228882238,-3.55454376918397,40.1385134928068
466.0,4.0306826999370315,-1.4350072424969094,-28.0762758188951,11.4156983541243,-42.6725144440046,12.8065285598792
467.0,-3.2637163807442806,0.12349156932400586,-0.541587440941004,-14.2800771455905,19.1225193918012,-7.03577910923735
468.0,4.67415954218295,-0.9164182086633689,-12.5260354384953,-30.0668085404552,-0.276841759043859,59.3452242211242
469.0,3.258008147081253,-0.7289942272248526,-16.0622876748484,18.5120070807207,-26.7009040526336,18.1625348484204
470.0,-4.282141234895313,0.5232648941627864,14.3697989939512,-14.9010115648716,1.40559398249369,-36.4873264990254
471.0,3.3170437345585277,0.7902380220417667,-13.102553383133,-19.6614372584184,-19.3551893595617,23.8942821451568
472.0,-3.1569530424044414,-0.241194891398897,-8.37070786677968,13.7261888142208,24.6238736000831,-4.80528058640351
473.0,4.274986964992109,0.6742889542876619,14.0299929403564,-25.5278060074574,-0.397546776539718,52.9230738214051
474.0,-3.920427366385467,0.15321684418522366,-17.341480231521,-9.60236350637634,35.4026876381515,-0.882192868502854
475.0,-4.172422359707713,0.3448186798166982,15.03706472262,-14.2585400274588,2.02314620934803,-35.9090151583459
476.0,-4.770918237983184,-1.24787891185657,20.3706358677197,-12.378564821746,5.11288758105559,-38.5200298658445
477.0,4.648976712193362,-0.15363686306209717,13.1184689373041,-29.3859036161248,-29.3173168265314,29.5898587534072
478.0,-2.4390386142406943,0.9716069565611254,1.93964514638403,12.5803680599196,21.7414015466903,-1.55890850250395
479.0,3.6622838662273645,0.44891844736823083,25.5848138687497,-1.59688504292955,-1.85330901303067,45.0705124440938
480.0,-0.20339557304639455,-0.02785271471439578,-3.02365811229539,0.87233290131199,-1.43554512733176,4.32496020038119
481.0,3.3271163510722492,0.32077109043762275,19.5665379714369,-11.8066032842558,-29.2706412164084,12.5609211917227
482.0,-4.393679407380122,-0.7242936630228531,3.33125921859917,21.5092129052411,28.1727971413324,-11.6689582693543
483.0,3.2772312846735043,0.2990340757948839,22.2914006733331,-4.18818867281747,-16.3092515174677,25.2088357390941
484.0,-3.2553793646772764,-0.3098145638285285,-9.903558504214,12.7337212205265,26.6689349825478,-2.85973854299695
485.0,2.369069529314812,0.6691586790150031,-8.03977418938919,-15.5990120698651,-13.5626904912657,18.5605252677311
486.0,-4.594306146631437,0.5105764179064788,-6.57793214674386,-22.2559692304996,42.2741258327435,-0.207284793114561
487.0,-1.1697524605556706,0.14013979888879846,-1.52255746984263,-0.87558120116814,0.0172969564497991,-3.1977105684497
488.0,1.8565514767253792,-1.092811936185114,-17.9842871522097,-1.38043889420087,-32.9868880937159,0.0299653561911427
489.0,-1.9804494277113487,0.4245676303661886,3.48225887999696,-7.73925026176177,0.462287245682344,-15.0723020250182
490.0,-3.1401554614011475,0.4602256171286762,-16.5125693896859,0.95382545522599,24.9848716115761,-5.29156855109946
491.0,-1.2795832506891451,-0.011360771377222086,-3.11829501516941,2.76911162924428,7.26947815097947,-0.364279616755035
492.0,2.0707094378021216,-1.1693995060367988,-15.5396959585603,9.74490552673919,-23.2168455809816,10.3587770546084
493.0,4.726832147287481,-0.871610568007132,-26.283507546757,-19.6678356662619,-9.117880641441,50.9725044612186
494.0,-3.22961924481172,0.3253997476653229,7.80942915717747,-12.3115916968899,26.6808897714643,-0.0067469990318779
495.0,1.5527846082787575,0.21306758722190378,13.4939574261674,-1.85569309530794,-0.981625549919256,23.9513699565748
496.0,-3.2378607552017313,-0.15121360772026507,14.0931650932699,-4.84533271553341,19.1884055488594,-8.09105464879335
497.0,4.7354141448336335,0.2930252247850224,13.5469224782687,27.9860439075428,-7.2744386151569,49.6398303181375
498.0,4.515017634822868,0.7403787508585234,-11.1589480916081,-27.3682097333517,-22.1505072043158,31.9508890432002
499.0,-3.814246523793757,-0.88840863575985,17.9690437180665,2.48266165935741,31.6535385711276,-1.55103145144936
500.0,2.3418494393489246,-0.33105821440495686,-5.54371529356048,17.8411127302355,-4.22859466520624,29.969603717793
